row,station_number,city,station_name,operational_status,latitude,longitude,coords_source,google_place_name,google_address,place_id,original_short_url,google_maps_link,notes
1,MK001,مكة,جبل النور,Operation,21.455069,39.874186,google_place,Darb 1 Petrol Station,"King Faisal Rd, Jabal An Nur, Makkah 24239, Saudi Arabia",ChIJz5uqgu4DwhURpWaRtc6EQwA,https://maps.app.goo.gl/bLQ8Rk8NXVCu52ic7,"https://www.google.com/maps?q=21.4550690,39.8741860",
2,MK002,مكة,المعيصم,Operation,21.465684,39.899787,google_place,محطة درب,"6588 King Faisal Rd, Makkah 24263, Saudi Arabia",ChIJ5_MC1fkBwhURQqrwJ8Qgc6o,https://maps.app.goo.gl/F45v54bDzqzHCT3t9,"https://www.google.com/maps?q=21.4656840,39.8997870",
3,MK003,مكة,العوالي,Operation,21.361111,39.899656,google_place,DARB 3 STATION,"طريق الطائف, Makkah 24372, Saudi Arabia",ChIJea6MziwHwhURWVauBUTA_Qw,https://maps.app.goo.gl/6qVC9TAckzxgxKAE8,"https://www.google.com/maps?q=21.3611110,39.8996560",
4,MK008,مكة,الحسينية,Operation,21.31928,39.887062,google_place,محطة درب,"Al Husainiah Rd, Makkah 24375, Saudi Arabia",ChIJFc7bXxAPwhURl0tAUGYVqsU,https://maps.app.goo.gl/AgQKFt6mX7ik9p586,"https://www.google.com/maps?q=21.3192800,39.8870620",
5,MK007,مكة,العمرة الجديدة,Operation,21.5454699,39.7787467,google_place,محطة درب,"Al Umrah Al Jadidah, Makkah 24414, Saudi Arabia",ChIJi_-dLQD3wRUR0pvbyZf2Lgo,https://maps.app.goo.gl/kfbiarxj5P9wHUbN9,"https://www.google.com/maps?q=21.5454699,39.7787467",
6,MK014,مكة,خليص,Operation,22.08864,39.281023,google_place,محطة درب,"حي الملك فهد, Khulais 25531, Saudi Arabia",ChIJUxZDLAAJwRURdo9Bk_qh8us,https://maps.app.goo.gl/vFwDFJo3wzNUB5wHA,"https://www.google.com/maps?q=22.0886400,39.2810230",
7,MK016,مكة,الرصيفة,Operation,21.402929,39.7924045,google_place,محطة درب,"6910 Al Mansuriah St, Ar Rusayfah, Makkah 24232, Saudi Arabia",ChIJDzfvrfIbwhURjbztWORSL-4,https://maps.app.goo.gl/turBqiYgPn5MtySC7,"https://www.google.com/maps?q=21.4029290,39.7924045",
8,MK017,مكة,عرفات الشوقية,Operation,21.3828125,39.7873125,google_place,محطة درب,"Al Shoqiyah, Makkah 24351, Saudi Arabia",ChIJnSTjBugbwhURsq66Ql59eZo,https://maps.app.goo.gl/29qAVLNJMJaAfqKX7,"https://www.google.com/maps?q=21.3828125,39.7873125",
9,MK018,مكة,الرصيفة المسار,Operation,21.408227,39.78885,google_place,محطة درب,"حي الرصيفة, MCCA7495، 7495 طريق المنصورية، 2946, Makkah Saudi Arabia",ChIJiR3yZPUbwhUREkpzBPwiwTQ,https://maps.app.goo.gl/TZYSA2igkYziBM9G8,"https://www.google.com/maps?q=21.4082270,39.7888500",
10,MK019,مكة,الشرايع,Operation,21.477305,39.915505,google_place,محطة درب,"4072 طريق السيل, Al Khadra, 8583, Makkah 24263, Saudi Arabia",ChIJ51WqCUABwhURVpGr8j6X4i4,https://maps.app.goo.gl/VDC152DbqzNfjsaA6,"https://www.google.com/maps?q=21.4773050,39.9155050",
11,MK020,مكة,ممشى الشوقية,Operation,21.3703425,39.7976621,google_place,محطة درب,"MDWB5425، 5425 معالي ابراهيم عبدالله العنقري, Walyal Ahd Dist., Makkah 24353, Saudi Arabia",ChIJ8TSQL5kbwhURyO7lZfVMs3E,https://maps.app.goo.gl/5dg9jTrY69K9FGfC9,"https://www.google.com/maps?q=21.3703425,39.7976621",
12,MK022,مكة,1بطحاء قريش,Operation,21.3493706,39.8347736,google_place,محطة درب,"7290 ابو العاص بن الربيع, حي بطحاء قريش, MDQA3315، 3315, Makkah Saudi Arabia",ChIJt672RvcPwhURH5N9C-XlurA,https://maps.app.goo.gl/5X6YUHWPBh1GuEgL8,"https://www.google.com/maps?q=21.3493706,39.8347736",
13,MK023,مكة,بن درويش,Operation,21.4704375,39.9289375,google_place,محطة درب,"FWCH+5HJ, Al Khadra, Makkah 24267, Saudi Arabia",ChIJjdvRiScBwhURO9YkVCJO804,https://maps.app.goo.gl/t8KPRvutMzRvVrV78,"https://www.google.com/maps?q=21.4704375,39.9289375",
14,MK029,مكة,الدائري الثالث-الذكرى,Operation,21.4077361,39.7839162,google_place,محطة درب,"Third Ring Rd, Ar Rusayfah, Makkah 24232, Saudi Arabia",ChIJb9SYsUMbwhUROdJLowp_j20,https://maps.app.goo.gl/SPDW18ud8ZszM4Sr7,"https://www.google.com/maps?q=21.4077361,39.7839162",
15,MK031,مكة,2بطحاء قريش,Operation,21.3655079,39.8315794,google_place,محطة درب,"حي بطحاء قريش, MDQA2975، 2975 شارع عتاب إبن أسيد رضى الله عنه، 9065, Makkah Saudi Arabia",ChIJ_15-seQFwhURmKUx3Xowu-U,https://maps.app.goo.gl/5sGAEfc4vWWdpZDS6,"https://www.google.com/maps?q=21.3655079,39.8315794",
16,MK033,مكة,ابو وافي العمرة,Operation,21.5996063,39.7879791,google_place,محطة درب,"Al Umrah Al Jadidah, Makkah 24418, Saudi Arabia",ChIJ3Q8Pz533wRURtu5LDzIDbP0,https://maps.app.goo.gl/1UzEBBe17RRAH2M38,"https://www.google.com/maps?q=21.5996063,39.7879791",
17,MK047,مكة,القادسية,Operation,21.4656864,39.9771851,google_place,محطة درب,"7300 سعيد بن ثابت الانصاري, حي الكوثر, MERB2552، 2552, Makkah Saudi Arabia",ChIJB08JVQABwhUR3DfxuoMrYiw,https://maps.app.goo.gl/zNh3dypoRFRX16vY7,"https://www.google.com/maps?q=21.4656864,39.9771851",
18,MK049,مكة,السلولي,Franchises,21.3454637,39.7641901,google_place,محطة درب,"شارع عبدالله عريف, Walyal Ahd Dist., Makkah 24356, Saudi Arabia",ChIJYT-kTwARwhURcT4cPdXPH9k,https://maps.app.goo.gl/45LDeqE1syDZvbNq6,"https://www.google.com/maps?q=21.3454637,39.7641901",
19,MK064,مكة,جعرانه,Operation,21.5484955,39.9480126,google_place,محطة درب,"GWXX+774, Al Ju'ranah 24443, Saudi Arabia",ChIJ8zA9PAD_wRURlngnGCLrExY,https://maps.app.goo.gl/7bKLuzouMWks5XFEA,"https://www.google.com/maps?q=21.5484955,39.9480126",
20,MK068,مكة,الجموم - الكنيدري,Operation,21.6142042,39.7005756,google_place,محطة درب,"الكنيدري, Al Jumum 24372, Saudi Arabia",ChIJ6_njIgD1wRUR07ciV0T7rVU,https://maps.app.goo.gl/sN6fSKP5jCHgU2vP9,"https://www.google.com/maps?q=21.6142042,39.7005756",
21,MK072,مكة,العزيزية,Operation,21.399723,39.8773799,google_place,محطة درب,"7925 Al Shiekh Abdallah Ibn Danash, Al Jamiah, Makkah 24242, Saudi Arabia",ChIJ93ihcggFwhURIKjQNUm8qr4,https://maps.app.goo.gl/FZHcAMvFdCfC8HdY7,"https://www.google.com/maps?q=21.3997230,39.8773799",
22,MK084,مكة,الكر النازل,Operation,21.3574273,40.2145054,google_place,محطة درب,"Meccah - Al Taif, مكة 26798, Saudi Arabia",ChIJQS-obgD36RUROXmVHThH0kI,https://maps.app.goo.gl/JKEzgBW8QCmiDywMA,"https://www.google.com/maps?q=21.3574273,40.2145054",
23,MK054,مكة,محطة طريق السيل,Operation,21.5186527,40.1039672,google_place,محطة درب,"2630 طريق الملك فيصل بن عبد العزيز, مكة 24464, Saudi Arabia",ChIJa9sC21YF6hURJy5UDKWrJqs,https://maps.app.goo.gl/ra2FeTjDM7SCDRFY8,"https://www.google.com/maps?q=21.5186527,40.1039672",
24,MK323,مكة,جبل ثور-جوهرة النسيم,Franchises,21.360823,39.877632,google_place,محطة درب,"Jabal Thawr Rd, An Naseem, Makkah 24245, Saudi Arabia",ChIJ0VLgafMFwhURc7i0oQfIEdE,https://maps.app.goo.gl/EbEkdV3DSoGxQJTi8,"https://www.google.com/maps?q=21.3608230,39.8776320",
25,MK257,مكة,الربوة مكة,Operation,21.3974765,39.7742498,dropped_pin,,,,https://maps.app.goo.gl/Mji7fiQ8iX6WxWCF9?g_st=iw,"https://www.google.com/maps?q=21.3974765,39.7742498",
26,MK258,مكة,الستين مكة,Operation,21.4249858,39.7862259,google_place,BENZOL,"CQGP+2G2، طريق الامير محمد بن سلمان، حي النزهة, Makkah 24225, Saudi Arabia",ChIJO3ApLy4bwhURfCRCSvf2Paw,https://maps.app.goo.gl/ZghKvLVfusUTTt656?g_st=iw,"https://www.google.com/maps?q=21.4249858,39.7862259",
27,MK004,الطائف,عاصفة الصحراء,Operation,21.500992,40.4904705,google_place,محطة درب,"As Sail Rd, طريق مكة المكرمة, Taif Saudi Arabia",ChIJeSfSrCcx6hURu1kONYcv8P0,https://maps.app.goo.gl/A2BFSbroMH5SPbaY8,"https://www.google.com/maps?q=21.5009920,40.4904705",
28,MK005,الطائف,الشيباني,Operation,21.355569,40.449593,google_place,Darb 5 Petrol Station,"حي, Airport Rd, Alhalqa Al Sharqiyyah, Taif 26553, Saudi Arabia",ChIJ7eKDTgIn6hUROqMrPa-tgzY,https://maps.app.goo.gl/q5vjDvNzRWDUZXPX8,"https://www.google.com/maps?q=21.3555690,40.4495930",
29,MK006,الطائف,جنوب الطائف,Operation,21.237471,40.464029,google_place,محطة درب,"شارع حسان بن ثابت, Alsabaa, Taif 26517, Saudi Arabia",ChIJ6ZyW3e6P6RURKrCoWSmvXAM,https://maps.app.goo.gl/BSajPNHHJchJyAUFA,"https://www.google.com/maps?q=21.2374710,40.4640290",
30,MK028,الطائف,احلى مساء,Operation,21.3112925,40.3669245,google_place,محطة درب,"TAUA6131, 6131, Taif 26581, Saudi Arabia",ChIJSSbBVlKL6RURtyz9hRXdQMM,https://maps.app.goo.gl/MNyozB7qUzoJ5m3s6,"https://www.google.com/maps?q=21.3112925,40.3669245",
31,MK035,الطائف,الجمعية الوسام( طريق الملك فهد),Operation,21.237522,40.375183,google_place,محطة درب,"King Fahad Ring Rd, Alqrahin, Taif 26511, Saudi Arabia",ChIJazYwXgCN6RURysy6hTGy55o,https://maps.app.goo.gl/KsUJR4js7yraMkoa8,"https://www.google.com/maps?q=21.2375220,40.3751830",
32,MK046,الطائف,الحليس(طريق الجنوب),Operation,21.227507,40.531671,google_place,محطة درب,"طريق الجنوب الباحة, C38, Taif 26733, Saudi Arabia",ChIJYUkMpKaF6RUR4BnofnkKA-E,https://maps.app.goo.gl/VG5g8gwZSHEdxoGb8,"https://www.google.com/maps?q=21.2275070,40.5316710",
33,MK063,الطائف,السواط(شهار),Operation,21.2340022,40.4154689,google_place,محطة درب,"2505 Qouraish, Al Sadad, Taif 26514, Saudi Arabia",ChIJ-bKoDwCP6RURwEm_yjul5Ag,https://maps.app.goo.gl/pGagHfPk8rwvto5t8,"https://www.google.com/maps?q=21.2340022,40.4154689",
34,MK067,الطائف,تربه,Franchises,21.2166126,41.6313886,google_place,محطة درب,"King Fahd Road, Al Salam, Turbah 29541, Saudi Arabia",ChIJRQCSWvc97BURLxLp0onreX0,https://maps.app.goo.gl/qPZMRQTHkY4XYcRt6,"https://www.google.com/maps?q=21.2166126,41.6313886",
35,MK093,الطائف,الملك خالد,Operation,21.2900198,40.4437956,google_place,محطة درب,"5175 King Khalid Rd, Aljafijif، TADA7888، 7888, Taif 26523, Saudi Arabia",ChIJLctCWwCJ6RURZzsvvR6JVAs,https://maps.app.goo.gl/dywgWoyDthxqK79U8,"https://www.google.com/maps?q=21.2900198,40.4437956",
36,MK099,الطائف,البيعه,Operation,21.2826293,40.4399932,google_place,محطة درب,"البيعه, Aljal, Taif 24372, Saudi Arabia",ChIJfQjrWQCJ6RURJyFm5bfjUCE,https://maps.app.goo.gl/S4Wsqx2MYn8U9Zy27,"https://www.google.com/maps?q=21.2826293,40.4399932",
37,MK015,جدة,النسيم,Operation,21.511758,39.226482,google_place,محطة درب,"King Abdallah Rd, An Naseem, Jeddah 23233, Saudi Arabia",ChIJE7Js9brPwxURpp4MNaOT8F0,https://maps.app.goo.gl/KHGrNchehzTG1ZQF8,"https://www.google.com/maps?q=21.5117580,39.2264820",
38,MK071,جدة,الاجاويد,Operation,21.3957088,39.2932839,google_place,محطة درب,"Alajaweed, Jeddah 22443, Saudi Arabia",ChIJ62xuVKPLwxURrn1No8l3Sd0,https://maps.app.goo.gl/g6TEPEq1mZXRZKgy5,"https://www.google.com/maps?q=21.3957088,39.2932839",
39,MK100,جدة,الكوثر,Operation,21.7294266,39.2061742,dropped_pin,,,,https://maps.app.goo.gl/Ssp39Ck5qFinCSDQ6,"https://www.google.com/maps?q=21.7294266,39.2061742",
40,MK154,جدة,العليا-ابحر الشمالية,Franchises,21.7464487,39.1480853,google_place,محطة درب,"Amro Ibn Mourrah, Abhur Al Junoobiyah, Jeddah 23734, Saudi Arabia",ChIJEatJcUFjwRURtrIltAweruE,https://maps.app.goo.gl/2r9PkGupt6AJ5BjeA,"https://www.google.com/maps?q=21.7464487,39.1480853",
41,MK210,جدة,الفلاح-فلسطين,Franchises,21.557699,39.2908608,google_place,محطة درب,"3359 Palestine, Mraykh, Jeddah 23252, Saudi Arabia",ChIJH1ItU_7TwxURrMG15sta3As,https://maps.app.goo.gl/JYngJqtoAze9rnSq8,"https://www.google.com/maps?q=21.5576990,39.2908608",
42,MK300,جدة,بترولايز البغدادية,Franchises,21.4946843,39.1737006,google_place,محطة درب,"3570 Al Andalus Rd, Al-Baghdadiyah Al-Gharbiyah, Jeddah 22232, Saudi Arabia",ChIJt-f9J6HPwxUR3ZgSS9usDxY,https://maps.app.goo.gl/6MuFMRYU1ogtLSDw6,"https://www.google.com/maps?q=21.4946843,39.1737006",
43,MK103,جدة,اكويلا فيول - المعلمي,Franchises,21.6138704,39.1747977,google_place,محطة درب,"Yahya Al Mualimi, Ar Rabwah, Jeddah 23533, Saudi Arabia",ChIJre_dpi_RwxUR9SQa7YOIrho,https://maps.app.goo.gl/KK4iz2cCBj5ZYB8H6,"https://www.google.com/maps?q=21.6138704,39.1747977",
44,MK216,جدة,الواحة,Franchises,21.552031,39.244358,google_place,محطة درب,"Dihya Bin Khalifa Al-Kalbi, Rd, Jeddah 23353, Saudi Arabia",ChIJf1baXYvTwxURURohNRLPzxk,https://maps.app.goo.gl/eLGR6WpCW8veAsEX7,"https://www.google.com/maps?q=21.5520310,39.2443580",
45,MK223,جدة,بترو لايز المساعدية  / الحمراء,Franchises,21.537642,39.163804,google_place,محطة درب,"Arafat, Al-Hamra'a, Jeddah 23323, Saudi Arabia",ChIJran6xj_PwxURy4XNOXAt38Q,https://maps.app.goo.gl/FAJnLHzBz3AoNpR88,"https://www.google.com/maps?q=21.5376420,39.1638040",
46,MK289,جدة,طريق الليث التعاون-الفضيلة,Franchises,21.328842,39.261868,google_place,محطة درب,"Al-Laith Rd, At Taawon, Jeddah 22542, Saudi Arabia",ChIJ4f4AZqi1wxUR60vLPMMQlao,https://maps.app.goo.gl/YA2CGo79RBqmZJ9r5,"https://www.google.com/maps?q=21.3288420,39.2618680",
47,MK311,جدة,قويزه,Franchises,21.4825375,39.3018479,google_place,محطة درب,"حي, طريق المئة، المنتزهات, Jeddah 22354, Saudi Arabia",ChIJT1bGfADNwxUR-_2G91MGugc,https://maps.app.goo.gl/VLy41ZGKdoLsa75h9,"https://www.google.com/maps?q=21.4825375,39.3018479",
48,JA053,جازان,خبت نخلان(الملك عبد العزيز)-جيزان,Operation,17.1929375,42.6393125,google_place,محطة درب,"5JVQ+5P5, Lakisah 24372, Saudi Arabia",ChIJwRRs7YNP_RURUtnJvXML6Io,https://maps.app.goo.gl/YkC6JVTUNV23RsHk9,"https://www.google.com/maps?q=17.1929375,42.6393125",
49,JA060,جازان,صناعية صامطه,Operation,16.6347029,42.9330356,google_place,محطة درب,"GSPA4404, 4404 الصناعية 5, 7023, Samtah 86385, Saudi Arabia",ChIJ7cf34yS_BxYRaDCZQLvyP5A,https://maps.app.goo.gl/RqeMiGTQwZLFK9TWA,"https://www.google.com/maps?q=16.6347029,42.9330356",
50,JA061,جازان,طريق صبيا,Operation,16.971933,42.616468,google_place,محطة درب,"King Abdul Aziz Rd, Jazan 82941, Saudi Arabia",ChIJv--gBzn_BxYRJDSy2Sxo2TM,https://maps.app.goo.gl/nkbnCNJKf9t67Gh66,"https://www.google.com/maps?q=16.9719330,42.6164680",
51,JA069,جازان,كورنيش جيزان,Operation,16.954885,42.5389842,google_place,محطة درب,"Corniche Rd, Ash Shati, Jazan 82810, Saudi Arabia",ChIJn86FVAAHCBYRq2TMUrmHJ7Y,https://maps.app.goo.gl/yRaMgmjKChpZ4NH99,"https://www.google.com/maps?q=16.9548850,42.5389842",
52,JA056,جازان,الروابي-المودة,Operation,16.9610914,42.6113902,google_place,محطة درب,"King Abdul Aziz Rd, طريق, Jazan 82837, Saudi Arabia",ChIJNbSnoHb9BxYRz5B6Q_J4ajA,https://maps.app.goo.gl/QL286Svw39DmRHTe8,"https://www.google.com/maps?q=16.9610914,42.6113902",
53,JA227,جازان,العارضة,Franchises,17.0190862,43.0453769,google_place,محطة درب,"Al Aridhah 83215, Saudi Arabia",ChIJ62mnla17_RURXsHnKy4KiZs,https://maps.app.goo.gl/gSK5jaYLnJE9NAqSA,"https://www.google.com/maps?q=17.0190862,43.0453769",
54,JA272,جازان,مسارات درب الزامل,Franchises,20.0456609,42.5842456,google_place,محطة درب,"Alfaisaliyah, Bisha 67715, Saudi Arabia",ChIJa28VvB4r8BURKPmXICEkyZ8,https://maps.app.goo.gl/5GtVhpuqwqN9tpKp9,"https://www.google.com/maps?q=20.0456609,42.5842456",تنبيه: الموقع يبعد ~349 كم عن جازان — تحقق من صحة الرابط في الجدول
55,JA092,جازان,الصفا-محمد بن ناصر+ احد المسارحه,Franchises,16.7004001,42.9554266,google_place,محطة درب,"3417 King Abdullah Rd, Al Baladiah, GSPB6318, 6318, Ahad Al Masarihah Saudi Arabia",ChIJXZHtbqaXBxYRXesSh7qw7eQ,https://maps.app.goo.gl/WzGhdq43qgNmc4oRA,"https://www.google.com/maps?q=16.7004001,42.9554266",
56,JA302,جازان,ركن جاز الفرسان,Franchises,16.6926298,42.1244745,google_place,محطة درب,"الحي الجنوبي, Farasan Island 88238, Saudi Arabia",ChIJq6wyCrJbCBYRCSlNHX3PGTQ,https://maps.app.goo.gl/TwaaBw3XssNaPeYVA,"https://www.google.com/maps?q=16.6926298,42.1244745",
57,JA256,جازان,ركن جاز الفطيحة,Franchises,17.5687418,42.6329913,google_place,محطة درب,"HJ9M+P97, Al Fatiha 87472, Saudi Arabia",ChIJdY_pf1wv_RURM8Ksz2_2iWk,https://maps.app.goo.gl/XxckHc1WLygaHyME6,"https://www.google.com/maps?q=17.5687418,42.6329913",
58,JA041,جازان,القسوم-احد المسارحه,Operation,16.7245739,42.9411982,google_place,محطة درب,"2567 King Abdullah Rd, Al Mantiqah Al Sinaiah, GTMB6693, 6693, Ahad Al Masarihah 86631, Saudi Arabia",ChIJz7ub53iVBxYR4Q36XyJISqY,https://maps.app.goo.gl/e5SFPqYQrZWVuMtN9,"https://www.google.com/maps?q=16.7245739,42.9411982",
59,JA156,جازان,ركن جاز  العيدابي - لتركو,Franchises,17.2382816,42.9507329,google_place,محطة درب,"Al Edabi 85744, Saudi Arabia",ChIJn0SYZ-dt_RURxp8h_3f1Jv4,https://maps.app.goo.gl/tv3zv7sCCcMaNgK86,"https://www.google.com/maps?q=17.2382816,42.9507329",
60,JA207,جازان,الطالبي - الحقو,Franchises,17.529936,42.67672,dropped_pin,,,,https://maps.app.goo.gl/nwaLBc8ufwoSD66fA,"https://www.google.com/maps?q=17.5299360,42.6767200",
61,JA348,جازان,صبيا  / جازان,Franchises,17.1575529,42.6231405,google_place,محطة درب,"King Fahd Rd, Aziziyah, Sabya 85297, Saudi Arabia",ChIJb35DSQBT_RURnWZn2iHKLMM,https://maps.app.goo.gl/6zGnZoExbhnRshTFA,"https://www.google.com/maps?q=17.1575529,42.6231405",
62,RY024,الخرج,غرناطة - الخرج طريق الملك عبد الله,Operation,24.1410803,47.2821616,google_place,محطة درب,"6714 King Abdullah Road, Al Khuzama, 2688, Al-Kharj 16272, Saudi Arabia",ChIJlSQG3TdFJT4RtaX9Ntdx3Zc,https://maps.app.goo.gl/pbkZubjPkrJmFh2u7,"https://www.google.com/maps?q=24.1410803,47.2821616",
63,RY025,الخرج,الحمرا - الخرج طريق الملك عبد الله,Operation,24.1607766,47.3110583,google_place,محطة درب,"ابن جرير التنوخي, حي الحمراء, Al-Kharj 16278, Saudi Arabia",ChIJT7uFyE5PJT4RWQ12kkkZSCA,https://maps.app.goo.gl/1BzRfUHenBam4M957,"https://www.google.com/maps?q=24.1607766,47.3110583",
64,RY042,الخرج,الناصفة,Operation,24.1925625,47.2766875,google_place,محطة درب,"57VG+2MG, An Nasifah, Al-Kharj 16282, Saudi Arabia",ChIJMVMpIkFbJT4RDN1YJuPoBnM,https://maps.app.goo.gl/Fe8EWjcMV9zZaWLX9,"https://www.google.com/maps?q=24.1925625,47.2766875",
65,BH065,الباحة,النزهه,Franchises,20.0399375,41.4955625,google_place,محطة درب,"Alnuzhah, Al Bahah 65711, Saudi Arabia",ChIJpWTJXMpH7xUR8WM6r48F3vc,https://maps.app.goo.gl/y8NbK4HXY8zziktK6,"https://www.google.com/maps?q=20.0399375,41.4955625",
67,AS081,عسير,العزيزيه,Franchises,18.30786,42.754308,google_place,محطة درب,"King Fahd Rd, Al'aziziyah, Khamis Mushait 62462, Saudi Arabia",ChIJU6XLCyhb-xUREJolmk_CvIw,https://maps.app.goo.gl/rZbxrE8ah2viPrbo8,"https://www.google.com/maps?q=18.3078600,42.7543080",
68,As085,عسير,خيبر بيشة,Franchises,18.81064,42.8797486,google_place,محطة درب,"طريق بيشة, العام, Khaiber Al-Janoub 62685, Saudi Arabia",ChIJVzaCPHnh-hURGMv9xZ9mycU,https://maps.app.goo.gl/BLQW15tfJicdR6pw7,"https://www.google.com/maps?q=18.8106400,42.8797486",
69,AS271,عسير,مسارات درب عقبة شعار,Franchises,18.4276126,42.474229,google_place,محطة درب,"طريق الملك فيصل بن عبدالعزيز، حي شعار, ابها Saudi Arabia",ChIJQeU6w6it5BURuInLdyS69oU,https://maps.app.goo.gl/ojEhupJ43gt1t4ya7,"https://www.google.com/maps?q=18.4276126,42.4742290",
70,AS153,عسير,محطة مدخل محايل,Operation,18.5569739,42.0425775,dropped_pin,,,,https://maps.app.goo.gl/AQpXHJgg5NFXkJ9E8,"https://www.google.com/maps?q=18.5569739,42.0425775",
71,RY075,الرياض,الدايري الشمالي,Operation,24.7869847,46.7071266,google_place,محطة درب,"Northern Ring Rd, Al Falah, Riyadh 13314, Saudi Arabia",ChIJjQdh4qP9Lj4RuKC_ZDPzJxw,https://maps.app.goo.gl/5v2jRyYf2f5AxTJM6,"https://www.google.com/maps?q=24.7869847,46.7071266",
72,RY106,الرياض,نجم الدين الايوبي - طويق,Franchises,24.5520662,46.5705565,google_place,محطة درب,"Najm Al Din Al Ayoubi, Tuwaiq, Riyadh 14936, Saudi Arabia",ChIJObCVyCwXLz4R4T_mLOMi36g,https://maps.app.goo.gl/KSDGQreydiMmc4FW6,"https://www.google.com/maps?q=24.5520662,46.5705565",
73,EP102,الشرقية,شارع أحد تاروت-القطيف,Franchises,26.57409,50.05348,google_place,محطة درب,"Uhud Rd, Al Manakh, Tarout 32615, Saudi Arabia",ChIJ8fH9UAABSj4RBmMGfbCO7OU,https://maps.app.goo.gl/UXhZuXqHExhzERuP7,"https://www.google.com/maps?q=26.5740900,50.0534800",
74,EP051,الشرقية,كورنيش الخبر,Operation,26.142104,50.160056,google_place,محطة درب,"King Fahd Road, Al Amwaj, Al Khobar 34751, Saudi Arabia",ChIJt2lW9bDbST4RE3qftnqWpkU,https://maps.app.goo.gl/A1qfBqxnAwN7WsX1A,"https://www.google.com/maps?q=26.1421040,50.1600560",
75,HA043,حائل,العريفي,Operation,27.4692337,41.66173,google_place,محطة درب,"HAGB7488، فهد العلى العريفي, 7488, Hail 55433, Saudi Arabia",ChIJgwnzLgA_dhUR46EWcxBrOTs,https://maps.app.goo.gl/1gPTmdTse4b95yqs7,"https://www.google.com/maps?q=27.4692337,41.6617300",
76,QS055,القصيم,الدائري الشرقي,Operation,26.335151,44.0563043,google_place,محطة درب,"83P4+3G, Buraydah 52225, Saudi Arabia",ChIJxxkwYABffxURO0H_Cok0RBU,https://maps.app.goo.gl/DZ5Zi4RE4ruQvbks7,"https://www.google.com/maps?q=26.3351510,44.0563043",
77,MD224,المدينة المنورة,محطة الجمعية العربية,Franchises,24.1007373,38.0871288,dropped_pin,,,,https://maps.app.goo.gl/A6WV24sPNmREVdth8,"https://www.google.com/maps?q=24.1007373,38.0871288",
78,MD009,المدينة المنورة,طريق السلام,Franchises,24.4901987,39.5073193,google_place,محطة درب,"4155 طريق السلام الفرعي، As Salam, DMMA6222، 6222, Madinah 42356, Saudi Arabia",ChIJj70xFQC5vRURgXYDeK5EV0I,https://maps.app.goo.gl/5WCGyZi9UzE63qig9,"https://www.google.com/maps?q=24.4901987,39.5073193",
79,EP134,حفر الباطن,فيو الواحة,Franchises,28.4010653,45.982083,google_place,محطة درب,"طريق فيصل بن عبدالعزيز, Al Wahah, Hafar Al Batin 39913, Saudi Arabia",ChIJXfjyFgA51z8RAtLpqQUsGAI,https://maps.app.goo.gl/ubE5wRvRAWtqw3Ya6,"https://www.google.com/maps?q=28.4010653,45.9820830",
80,NP130,طريف,العقيلي -طريق الامير سلطان,Franchises,31.6524837,38.6864162,google_place,محطة درب,"طريق سلطان بن عبدالعزيز, Al Wurud, Turaif 75312, Saudi Arabia",ChIJeUVFfa7fExURYTYaqflXGo0,https://maps.app.goo.gl/JQGwPNxVayJDSy6J8,"https://www.google.com/maps?q=31.6524837,38.6864162",
81,NP131,طريف,العقيلي- طريق ابو بكر,Franchises,31.6734363,38.6918638,google_place,محطه درب,"حي الورود، 3431 شارع ابو بكر الصديق SCJA3431 8568, Turaif 75312, Saudi Arabia",ChIJf0V-KgDhExUR8-2KqfimLaQ,https://maps.app.goo.gl/7U6C52p9whh4TQRNA,"https://www.google.com/maps?q=31.6734363,38.6918638",
82,NJ219,نجران,المركب,Operation,17.5297165,44.3246094,google_place,محطة درب,"شارع المركب, Najran 66247, Saudi Arabia",ChIJP4_q2Lvf_hURLUqobQf90hA,https://maps.app.goo.gl/mh5i4Y4xRfk8Qia69,"https://www.google.com/maps?q=17.5297165,44.3246094",
83,RY201,الرياض,نبض- طنجة ظهرة البديعة,Franchises,24.6003399,46.6585284,google_place,محطة درب,"الخير, Riyadh 12782, Saudi Arabia",ChIJuev0-h0bLz4RMAYZJwWatBA,https://maps.app.goo.gl/FbEPSpHdT13bC1rW7,"https://www.google.com/maps?q=24.6003399,46.6585284",
84,JA070,جازان,درب الجنوب الاولي - بندر عبده محمد الوائلي الظبية,Franchises,17.1153071,42.6548026,google_place,محطة درب,"GBSC6680, 6680 King Abdul Aziz Rd, 4148, صبيا 85289, Saudi Arabia",ChIJJyxYobNR_RURJHcGe_iTFh8,https://maps.app.goo.gl/5H5BvhtmFHcafDEq9,"https://www.google.com/maps?q=17.1153071,42.6548026",
85,AS192,خميس مشيط,محطه الرؤيا-وادي هشبل,Operation,18.377249,42.714924,google_place,محطة درب,"وادي بن هشبل, Khamis Mushait 62486, Saudi Arabia",ChIJ3QaJu0Fb-xURYOoKwlrOAC8,https://maps.app.goo.gl/jD5fQtzszsLJiPnWA,"https://www.google.com/maps?q=18.3772490,42.7149240",
86,AS286,محايل عسير,صناعية محائل,Operation,18.5234375,41.9278125,google_place,محطة درب,"GWFH+94J مجزوعة, محايل 63687, Saudi Arabia",ChIJDUvI7SKH5BURS_6PfpAa34w,https://maps.app.goo.gl/kS47kDuZtF4qk3Ph7,"https://www.google.com/maps?q=18.5234375,41.9278125",
87,RY083,الرياض,الحوميات,Franchises,23.0448112,42.8550606,google_place,Naba Gas station,"2VV4+W2F, Al Humiyat 17986, Saudi Arabia",ChIJSbXvJarhjRURwEt714XHoLk,https://maps.app.goo.gl/2iNRZpWjhRHtJ8TEA,"https://www.google.com/maps?q=23.0448112,42.8550606",تنبيه: الموقع يبعد ~430 كم عن الرياض — تحقق من صحة الرابط في الجدول
88,JA141,جازان,الأمير سلطان-بيش,Operation,19.9286875,42.5945625,google_place,محطة درب,"WHHV+FRX, Alamir Sultan, Bisha 67721, Saudi Arabia",ChIJq_S5vzAn8BURnx4cpWmAwkk,https://maps.app.goo.gl/iTzJgvNgfxL969Xa8,"https://www.google.com/maps?q=19.9286875,42.5945625",تنبيه: الموقع يبعد ~336 كم عن جازان — تحقق من صحة الرابط في الجدول
89,MK228,جدة,جدةالملك خالد - دلهام,Operation,21.503793,39.197905,google_place,محطة درب,"King Khalid Road, Al-Baghdadiyah Al-Sharqiyah, Jeddah 22241, Saudi Arabia",ChIJ2QwTMBjPwxURRCGgR4ud2ig,https://maps.app.goo.gl/pGvA6WHAnEDG6qYKA,"https://www.google.com/maps?q=21.5037930,39.1979050",
90,MK310,جدة,الشاطئ-طريق الملك,Operation,21.6048353,39.1205061,google_place,محطة درب,"حي, King Abdulaziz Branch Rd, Ash Shati, Jeddah 23513, Saudi Arabia",ChIJH-dMdgrZwxURC9VKcpiX0dE,https://maps.app.goo.gl/PXRFijP57wDhWmsv5,"https://www.google.com/maps?q=21.6048353,39.1205061",
91,MK040,جدة,درب - الروضة,Operation,21.5630333,39.1533304,google_place,محطة درب,"Abdallah Al Khouraiji, Ar Rawdah, Jeddah 23433, Saudi Arabia",ChIJg0-ltivbwxURnTgXRU6Rddg,https://maps.app.goo.gl/XQuDdN89iQwuypcu8,"https://www.google.com/maps?q=21.5630333,39.1533304",
92,JA059,جازان,طريق الملك فهد جازان,Operation,16.9681875,42.5678125,google_place,محطة درب,"Ar Rawabi, Jazan 82921, Saudi Arabia",ChIJP7xOSAD9BxYRVF415oiZJeQ,https://maps.app.goo.gl/KFJDV4K6ES5Lc99t8,"https://www.google.com/maps?q=16.9681875,42.5678125",
93,MK027,الطائف,الصيانة-طريق المطار,Operation,21.331934,40.4366171,google_place,محطة درب,"3776 Airport Rd, Alqayam Al Aala, Taif 26561, Saudi Arabia",ChIJJZ0qLwCJ6RURaLL2XoBn7mU,https://maps.app.goo.gl/VqaUChF4kZ61kKyT8,"https://www.google.com/maps?q=21.3319340,40.4366171",
94,MK205,جدة,نقز - الربوة,Franchises,21.6123076,39.1878715,google_place,محطة درب,"طريق الأمير ماجد, Ar Rabwah, Jeddah 23535, Saudi Arabia",ChIJPfabaQ3RwxURHPjghQOYRj8,https://maps.app.goo.gl/CCLQLgVhi8K17gAs6,"https://www.google.com/maps?q=21.6123076,39.1878715",
95,MK021,الطائف,الوسام,Operation,21.2285634,40.3789364,google_place,محطة درب,"7589 يونس بن عمر, Akhbab, TIAA5719، 5719, Taif 26711, Saudi Arabia",ChIJgylpn3eN6RURVV6Pz3FFYx4,https://maps.app.goo.gl/QJ1f1S5uDwjnJqpS7,"https://www.google.com/maps?q=21.2285634,40.3789364",
96,MK161,جدة,الحزم,Franchises,21.8617263,39.0528576,google_place,محطة درب,"الحمادي, جدة 23847, Saudi Arabia",ChIJyaw9ehZnwRURwDh3xH8i-Z4,https://maps.app.goo.gl/GcvQP8juzDvv9fCH7,"https://www.google.com/maps?q=21.8617263,39.0528576",
97,MD096,المدينة المنورة,الهجرة,Operation,24.4250945,39.5685883,google_place,محطة درب,"Al Hijrah Rd, Dhul Hulaifah, Madinah 42393, Saudi Arabia",ChIJa5fthfbHvRURfHSHxRUPHbo,https://maps.app.goo.gl/iswGWRoA42eBjot98,"https://www.google.com/maps?q=24.4250945,39.5685883",
98,MK044,مكة,القنفذة,Operation,19.1214375,41.1009375,google_place,محطة درب,"44C2+H9X, Al Qunfudhah 28822, Saudi Arabia",ChIJtVjhdgSR5hURFlqPn7g0c70,https://maps.app.goo.gl/zneq4Suk6S6HuhaWA,"https://www.google.com/maps?q=19.1214375,41.1009375",تنبيه: الموقع يبعد ~287 كم عن مكة — تحقق من صحة الرابط في الجدول
99,MK012,جدة,طيبه,Franchises,21.7924585,39.1534145,google_place,محطة درب,"alrayan, Taibah near, Jeddah Saudi Arabia",ChIJvQEHXPNlwRURcKqF853Adbk,https://maps.app.goo.gl/ocMcjELBvQdNUxv66,"https://www.google.com/maps?q=21.7924585,39.1534145",
100,MK045,المدينة المنورة,مدينة الملك عبد الله-رابغ,Operation,22.396501,39.192485,google_place,محطة درب,"95VV+GR, King Abdullah Economic City 25772, Saudi Arabia",ChIJNR4pOQD9wBURhYAUO7GoxSg,https://maps.app.goo.gl/joisDrohwu97AFSq5,"https://www.google.com/maps?q=22.3965010,39.1924850",تنبيه: الموقع يبعد ~234 كم عن المدينة المنورة — تحقق من صحة الرابط في الجدول
101,MK066,جدة,الأمير فواز,Operation,21.428833,39.2949042,google_place,محطة درب,"2433، 7919 حي, Al Amir Fawwaz Al Junoobi, Jeddah 22441, Saudi Arabia",ChIJaS7pLwDNwxUROoL7KNMg0Zg,https://maps.app.goo.gl/p9fUyjYxet1CxAho7,"https://www.google.com/maps?q=21.4288330,39.2949042",
102,RY105,الرياض,طريق الأمير سعد,Franchises,24.6883368,46.8012889,google_place,محطة درب,"الرياض الامير سعد, Al Fayha, Riyadh 14253, Saudi Arabia",ChIJSRqDfQAHLz4RZJytwj6Ksxs,https://maps.app.goo.gl/o15xCcg7CGxugHLE7,"https://www.google.com/maps?q=24.6883368,46.8012889",
103,MK326,جدة,محطة الحمدانية,Operation,21.7594649,39.1984673,google_place,محطة درب,"شارع الحمدانية, Al Hamadaniyyah, Jeddah 23761, Saudi Arabia",ChIJGT_T5rR9wRURNJfcYhgMV5M,https://maps.app.goo.gl/MaBHHa4rns52j3i78,"https://www.google.com/maps?q=21.7594649,39.1984673",
104,MK013,مكة,بن العباس_الشوقية,Operation,21.3707043,39.7908805,google_place,محطة درب,"شارع عبدالله بن عباس, Al Shoqiyah, Makkah 24353, Saudi Arabia",ChIJP--bWAAbwhUR94HIobBkuAQ,https://maps.app.goo.gl/shFeNsWTdu3RhLVR6,"https://www.google.com/maps?q=21.3707043,39.7908805",
105,MK285,جدة,القرينية,Franchises,21.3179375,39.2468125,google_place,محطة درب,"Al Qryniah, Jeddah 22535, Saudi Arabia",ChIJj7RPNwC1wxURATAFVvS8nWo,https://maps.app.goo.gl/8pPoFyUoP6WFp77Z9,"https://www.google.com/maps?q=21.3179375,39.2468125",
106,MK260,جدة,ابحر الشمالية-الزمرد,Operation,21.8208125,39.0591875,google_place,محطة درب,"R3C5+8M4, الزمرد, Jeddah 23827, Saudi Arabia",ChIJL0V7MStnwRUR0mSq-YTa0X8,https://maps.app.goo.gl/VbuPbwAurYRhWwvq8,"https://www.google.com/maps?q=21.8208125,39.0591875",
107,MK037,مكة,الراشدية,Operation,21.4680617,40.0007158,google_place,محطة درب,"Arafat Ash Sharaiyaa Rd, Ar Rashidiyyah, Makkah 24274, Saudi Arabia",ChIJKYs7ugUB6hURrSrF-irBsjw,https://maps.app.goo.gl/jqwDg3R2rnAJ2nh7A,"https://www.google.com/maps?q=21.4680617,40.0007158",
108,BH050,الباحة,الاطاولة,Operation,20.2791514,41.3582562,google_place,محطة درب,"79H5+J8V, Al Atawilah 65793, Saudi Arabia",ChIJNdtuqboz7xURmIjrTAqgfzY,https://maps.app.goo.gl/otDnU918RuKzYJ9f6,"https://www.google.com/maps?q=20.2791514,41.3582562",
109,EP133,حفر الباطن,طريق الملك عبدالله,Franchises,28.4099365,45.9702918,google_place,محطة درب,"King Abdullah Rd, Al Baladiyah, Hafar Al Batin 39921, Saudi Arabia",ChIJf0kBdS9B1z8RnkqkpBeHrM8,https://maps.app.goo.gl/3sEhE7YJXCb1QYYf9,"https://www.google.com/maps?q=28.4099365,45.9702918",
110,MD123,المدينة المنورة,محطة بترو بارك - المدينة المنورة,Franchises,24.4655411,39.5826962,google_place,محطة درب,"حي, King Abdullah Branch Rd, Al Wabra, Madinah 42371, Saudi Arabia",ChIJp2K9DVi_vRURZBxykNf-eZE,https://maps.app.goo.gl/YrXqZCH252rDfbhy8,"https://www.google.com/maps?q=24.4655411,39.5826962",
111,MK206,جدة,نقز - الاجواد,Franchises,21.6088179,39.2611791,google_place,محطة درب,"حي, Al Manar, Almustawda'at, Jeddah 23467, Saudi Arabia",ChIJxzdNhG3VwxURtvxO7ZngdtU,https://maps.app.goo.gl/vu2xCHcwX9nnQ5Jh8,"https://www.google.com/maps?q=21.6088179,39.2611791",
112,MK080,مكة,طريق السيل,Operation,21.5182085,40.0926308,google_place,4452 84 حنين,"MUDA4452، 4452 84 حنين، 6170، الشرائع 24473, Saudi Arabia",ChIJ5RmhP4gD6hURtdIe7i384DE,https://maps.app.goo.gl/wBSK8LDCyDdtChd86,"https://www.google.com/maps?q=21.5182085,40.0926308",
113,MK164,مكة,محطة ولي العهد 3,Franchises,21.3166905,39.7083916,google_place,محطة درب,"شارع يزيد بن الأسود, Walyal Ahd Dist., مكة 24568, Saudi Arabia",ChIJ6Zb5l0wXwhURW5WlkbHcu2Q,https://maps.app.goo.gl/SYXiLrnChWyw3pbR8,"https://www.google.com/maps?q=21.3166905,39.7083916",
114,MD011,المدينة المنورة,ابيار,Operation,24.2263793,39.5545662,google_place,محطة درب,"Bi'r al Mashi 42542, Saudi Arabia",ChIJfZ2AmJzbvRURP_KNvWKf7-k,https://maps.app.goo.gl/yR9cUq3uG6LjSVnL7,"https://www.google.com/maps?q=24.2263793,39.5545662",
115,RY073,الرياض,القديه,Operation,24.5515252,46.4843329,google_place,محطة درب,"القدية, Tuwaiq, Riyadh 13795, Saudi Arabia",ChIJl8EMeFUjLz4RdFYzusKjMHE,https://maps.app.goo.gl/S28AFcAtZ6iMbsWk6,"https://www.google.com/maps?q=24.5515252,46.4843329",
116,EP074,حفر الباطن,حي الورود,Operation,28.3002194,45.9469864,google_place,محطة درب,"5090 الورود 26, حي الورود, CMDC7058، 7058, Hafar Al Batin 39821, Saudi Arabia",ChIJn0wRD5Q91z8RkljRJVYD9Ns,https://maps.app.goo.gl/d9NNhKSGc7kSHGCt7,"https://www.google.com/maps?q=28.3002194,45.9469864",
117,MD194,المدينة المنورة,محطة النواة,Franchises,24.067558,38.121863,dropped_pin,,,,https://maps.app.goo.gl/dcux79p4kbRCRQWU7,"https://www.google.com/maps?q=24.0675580,38.1218630",
118,JA155,جازان,محطة بترو بارك,Franchises,17.440621,42.519929,dropped_pin,,,,https://maps.app.goo.gl/6SoxhdNEQusm5Hty8,"https://www.google.com/maps?q=17.4406210,42.5199290",
119,RY200,الرياض,نبض - ثادج,Franchises,25.828716,42.680627,dropped_pin,,,,https://maps.app.goo.gl/qJPQ3niNBth7xSy48,"https://www.google.com/maps?q=25.8287160,42.6806270",تنبيه: الموقع يبعد ~420 كم عن الرياض — تحقق من صحة الرابط في الجدول
120,MK217,مكة,محطة المظليف,Franchises,19.5378828,41.0488429,google_place,محطه قنوي,"JSWA4674، 4674 246, 6548، العقدة 65397, Saudi Arabia",ChIJ2UOZeQBt5hURPkY2wpmHw7Y,https://maps.app.goo.gl/GH5gA3WMpvw2akFx5,"https://www.google.com/maps?q=19.5378828,41.0488429",تنبيه: الموقع يبعد ~244 كم عن مكة — تحقق من صحة الرابط في الجدول
121,HA050,حائل,مطار حائل,Franchises,27.483218,41.7021442,dropped_pin,,,,https://maps.app.goo.gl/iVcrbNvVuzTo9t1Z6,"https://www.google.com/maps?q=27.4832180,41.7021442",
122,BH126,الباحة,محطة الحميدان,Operation,20.2115843,41.3672353,google_place,FIFCO Station,"15 65797, Saudi Arabia",ChIJdTJKGKw27xURigS0yVxqafY,https://maps.app.goo.gl/Wkjbi6yitiLmn8Hw5,"https://www.google.com/maps?q=20.2115843,41.3672353",
123,MK127,جدة,درب بحره,Operation,21.4014658,39.4553798,google_place,8590 Old Mecca Al Moukarramah Rd,"JKBA8590, 8590 Old Mecca Al Moukarramah Rd, 2773، حي بحرة، Jeddah 22825, Saudi Arabia",ChIJgyXVLN0wwhURbha68uj001o,https://maps.app.goo.gl/cKhGikzMLtDYUERz7,"https://www.google.com/maps?q=21.4014658,39.4553798",
124,JA094,جازان,الكربوس (محطة الزهور ),Operation,16.8615518,42.6323994,dropped_pin,,,,https://maps.app.goo.gl/9A6DhgdgX5JJP3Tc6,"https://www.google.com/maps?q=16.8615518,42.6323994",
125,RY338,الرياض,محطة التعاون,Operation,24.7646412,46.7018535,google_place,محطة لوجيكال للوقود,"6419 Imam Saud Bin Abdulaziz Bin Mohammed Rd، 3586, Riyadh 12475, Saudi Arabia",ChIJg6oVYHD9Lj4RNwzMOJnVRxc,https://maps.app.goo.gl/1zPP73Je2JX63L7D7,"https://www.google.com/maps?q=24.7646412,46.7018535",
126,HA052,حائل,الأمير سعود,Franchises,27.468506,41.64977,dropped_pin,,,,https://maps.app.goo.gl/7rLf2km3YaNFWczT8,"https://www.google.com/maps?q=27.4685060,41.6497700",
127,EP349,الاحساء,-,Franchises,25.278688,49.708832,dropped_pin,,,,https://maps.app.goo.gl/UZFGfLzcm1RybF9X8,"https://www.google.com/maps?q=25.2786880,49.7088320",
128,EP301,الدمام,الدمام Dammam,Franchises,26.379529,50.17849,dropped_pin,,,,https://maps.app.goo.gl/zitgCWWv7i49hGfE6,"https://www.google.com/maps?q=26.3795290,50.1784900",
129,NJ350,نجران,زهرة الجنوب 1,Franchises,17.756034,43.506832,dropped_pin,,,,https://maps.app.goo.gl/DoWTAFDofn161kAB8,"https://www.google.com/maps?q=17.7560340,43.5068320",
130,EP337,الاحساء,الحزام الذهبي الاحساء,Operation,25.411059,49.546924,dropped_pin,,,,https://maps.app.goo.gl/otwR4QfnHxzNmupX8,"https://www.google.com/maps?q=25.4110590,49.5469240",
131,EP335,الاحساء,النزهة الاحساء,Operation,25.4483082,49.5939283,google_place,محطه لوجيكال,"CHXV+9JC، 9133 طريق الأمير طلال, Al Nuzha, Al Mubarraz 36342, Saudi Arabia",ChIJj6ceGV69Nz4RkpFG0LAqYwQ,https://maps.app.goo.gl/1zcJjJu2kKzyVY5A9,"https://www.google.com/maps?q=25.4483082,49.5939283",
132,AS255,عسير,طريق الستين (نوره الشهراني),Operation,20.0309085,42.6752801,google_place,5601 ولي العهد الأمير محمد بن سلمان,"AMMA5601، 5601 ولي العهد الأمير محمد بن سلمان، 8521، حي الصفا، بيشة 67845, Saudi Arabia",ChIJncAU8gYt8BUR9bfY1O9t_F4,https://maps.app.goo.gl/nDthCDjGWYNbbwmH9,"https://www.google.com/maps?q=20.0309085,42.6752801",نفس الرابط مستخدم أيضًا للمحطة: AS124 — تحقق من الجدول
133,EP299,الشرقية,طريق قبه,Franchises,27.624208,44.685494,dropped_pin,,,,https://maps.app.goo.gl/DDVGtRLmmKmtDmbW8,"https://www.google.com/maps?q=27.6242080,44.6854940",تنبيه: الموقع يبعد ~551 كم عن الشرقية — تحقق من صحة الرابط في الجدول
134,MK313,جدة,محطة الصفا,Franchises,21.584632,39.217162,dropped_pin,,,,https://maps.app.goo.gl/sqxLEPe4f65M3zap9,"https://www.google.com/maps?q=21.5846320,39.2171620",
135,AS124,عسير,الصفاء,Operation,20.0309085,42.6752801,google_place,5601 ولي العهد الأمير محمد بن سلمان,"AMMA5601، 5601 ولي العهد الأمير محمد بن سلمان، 8521، حي الصفا، بيشة 67845, Saudi Arabia",ChIJncAU8gYt8BUR9bfY1O9t_F4,https://maps.app.goo.gl/nDthCDjGWYNbbwmH9,"https://www.google.com/maps?q=20.0309085,42.6752801",نفس الرابط مستخدم أيضًا للمحطة: AS255 — تحقق من الجدول
136,MK091,الطائف,محطة السر,Operation,21.2035788,40.6310901,google_place,4383 الملعب 23,"TCAA4383، 4383 الملعب 23، 8108، حي ج41, At Taif 26919, Saudi Arabia",ChIJh9-JEwGC6RURR7TrYWH0CVQ,https://maps.app.goo.gl/yerUfVj9bD4QEe8EA,"https://www.google.com/maps?q=21.2035788,40.6310901",
137,JA188,جازان,محطة طريق الملك عبدالعزيز بيش,Operation,17.3545732,42.5454226,google_place,محطة درب,"King Abdul Aziz Rd, طريق, الطريق العام، جازان, Baish Saudi Arabia",ChIJ5_MB7BW14hURfBJwTZw9Kus,https://maps.app.goo.gl/kFaCyVcBrNHtfJbP9,"https://www.google.com/maps?q=17.3545732,42.5454226",
138,AS197,خميس مشيط,سوق الاشواق,Operation,18.3364891,42.7449418,google_place,3641 جحش الجهني,"AKUA3641، 3641 جحش الجهني، 8260, Khamis Mushait 62481, Saudi Arabia",ChIJpfDJsv9a-xURRcpMDE1UH0c,https://maps.app.goo.gl/H3FXBLrscK7MuVMi8?g_st=iwb,"https://www.google.com/maps?q=18.3364891,42.7449418",
139,MK191,جدة,الربوة التلاتين,Operation,21.6034364,39.1833411,google_place,محطة الثلاثين,"J53M+98G, Ar Rabwah, Jeddah 23449, Saudi Arabia",ChIJW_k31cPRwxURAtxGVSmW4rw,https://maps.app.goo.gl/iQqyGmzGnZoTPXJZ7,"https://www.google.com/maps?q=21.6034364,39.1833411",
140,MK318,الطائف,محطة الدغمية الخرمة,Operation,21.970515,42.048956,google_place,2167 الخرمه 815,"TKGA2167، 2167 الخرمه 815، 7648، حي الدغمية, Al Khurma 29234, Saudi Arabia",ChIJ3_PVsLwv7RURbThkW_n_2V0,https://maps.app.goo.gl/jRGzT2WTT9RLMtyW8?g_st=iw,"https://www.google.com/maps?q=21.9705150,42.0489560",تنبيه: الموقع يبعد ~185 كم عن الطائف — تحقق من صحة الرابط في الجدول
141,QS319,القصيم,محطة قرطبة - سنيدي-بريدة,Operation,26.4068448,43.9027291,dropped_pin,,,,https://maps.app.goo.gl/uBy8D3pGmFDJbzhe7?g_st=iwb,"https://www.google.com/maps?q=26.4068448,43.9027291",
142,MK082,جدة,امنيتي(اسكان المدائن),Operation,21.4604384,39.2481878,google_place,محطة درب حي الوزيرية,"7251 أبي عبد الله العياشي, Mada'en Al-Fahd، حي, JIMA2483, 2483, Jeddah 22347, Saudi Arabia",ChIJj5MGRADNwxUR6caU2vUcaRI,https://maps.app.goo.gl/N1MANVkueVHiNiaA9,"https://www.google.com/maps?q=21.4604384,39.2481878",
143,EP324,الشرقية,رمكو الصفوي,Franchises,26.654062,49.92447,dropped_pin,,,,https://maps.app.goo.gl/DoG1TRwUnfwRCAiA8,"https://www.google.com/maps?q=26.6540620,49.9244700",
144,تحت التوثيق,جدة,هدى الشام,Operation,21.6151175,39.2704458,dropped_pin,,,,https://maps.app.goo.gl/gJzqJGP7kqZYANnJ7,"https://www.google.com/maps?q=21.6151175,39.2704458",
145,JA259,جازان,الخالدية ضمد,Operation,17.1044162,42.7577449,google_place,2605 King Abdul Aziz Rd,"GBDE2605, 2605 King Abdul Aziz Rd, 6554, Damad 84947, Saudi Arabia",ChIJ4fhBdbhb_RURIOfDfQwzUtA,https://maps.app.goo.gl/hgHPTcUW7AzH14qi9,"https://www.google.com/maps?q=17.1044162,42.7577449",
146,MK104,جدة,الخمرة,Operation,21.332535,39.261769,dropped_pin,,,,https://maps.app.goo.gl/wafLDdDYn5fJN1MSA,"https://www.google.com/maps?q=21.3325350,39.2617690",
147,MK142,مكة,عين شمس,Operation,21.68974,39.826491,dropped_pin,,,,https://maps.app.goo.gl/qLxsVNwmPgPjbY3x5,"https://www.google.com/maps?q=21.6897400,39.8264910",
148,NJ145,نجران,المندفق,Operation,18.5846257,45.322113,google_place,7055 طريق الملك عبد العزيز,"NYSA7055، 7055 طريق الملك عبد العزيز، 3444، ظلماء 66678, Saudi Arabia",ChIJMc75pkDAAj4R8lhhN6ZjtvY,https://maps.app.goo.gl/M191MVsHVfjdruWT9,"https://www.google.com/maps?q=18.5846257,45.3221130",
149,NA190,نجران,الحصينية,Operation,17.8123541,44.4411687,google_place,8823 طريق الملك عبد العزيز,"NADA8823، 8823 طريق الملك عبد العزيز، 4061، حي الحصينية, Al Husayniyah 66423, Saudi Arabia",ChIJdeUpwy3U-BURTtSZsRQBCOs,https://maps.app.goo.gl/36VxhrTjhdymRsbH8?g_st=iw,"https://www.google.com/maps?q=17.8123541,44.4411687",
150,AS225,عسير,محطة الفلاح-بيشة,Operation,20.0455538,42.5843214,google_place,Bashoke Petrol Station,"2HWM+6PG, Alfaisaliyah, Bisha 67715, Saudi Arabia",ChIJV4Eb87cr8BURsmDYujlkmz4,https://maps.app.goo.gl/oYrzRZnB99YUSHHL8?g_st=ipc,"https://www.google.com/maps?q=20.0455538,42.5843214",
151,MK190,مكة,قديد,Operation,22.430833,39.362641,dropped_pin,,,,https://maps.app.goo.gl/bUJoRzFuvE2aDurg6,"https://www.google.com/maps?q=22.4308330,39.3626410",تنبيه: الموقع يبعد ~122 كم عن مكة — تحقق من صحة الرابط في الجدول
152,MD097,المدينة المنورة,الامام مسلم,Franchises,24.4647056,39.5164567,google_place,Corner station,"7111 أبو الربيع بن سالم، 42355 3329، حي السلام،, Madinah Saudi Arabia",ChIJ5YWlc3e4vRURiEBc390j920,https://maps.app.goo.gl/4HfgXeGBMgEUbd6T9,"https://www.google.com/maps?q=24.4647056,39.5164567",
153,,خميس مشيط,خميس مشيط طريق الرياض,Franchises,18.3027177,42.7766103,dropped_pin,,,,https://maps.app.goo.gl/P58L3VGKEWZYfd7a8?g_st=iw,"https://www.google.com/maps?q=18.3027177,42.7766103",
154,JA026,جازان,الكربوس - طريق الملك فيصل,Franchises,16.877875,42.64314,dropped_pin,,,,https://maps.app.goo.gl/R3Aa4yeRXbAZwHQY9,"https://www.google.com/maps?q=16.8778750,42.6431400",
155,AS211,عسير,المطار القديم,Franchises,18.318742,42.750351,dropped_pin,,,,https://maps.app.goo.gl/L5JQLynd7CyAq3Z6A,"https://www.google.com/maps?q=18.3187420,42.7503510",
156,AS212,عسير,محايل عسر الياسمين,Franchises,18.534657,42.056102,dropped_pin,,,,https://maps.app.goo.gl/QoBjhUkvG1Rjfpk86,"https://www.google.com/maps?q=18.5346570,42.0561020",
157,BH253,الباحة,مثلث الأطاولة العقيق,Franchises,20.221548,41.36272,dropped_pin,,,,https://maps.app.goo.gl/wJBoXRVdbjaBY5hEA,"https://www.google.com/maps?q=20.2215480,41.3627200",
158,BH108,الباحة,بني عدوان (شمرخ),Franchises,20.383154,41.305395,dropped_pin,,,,https://maps.app.goo.gl/8vimUHzMhPU99jax8,"https://www.google.com/maps?q=20.3831540,41.3053950",
159,RY095,الخرج,السفير 4 (الهداء),Franchises,24.105294,47.287781,dropped_pin,,,,https://maps.app.goo.gl/DHvJhe9X5a6iZ89r6,"https://www.google.com/maps?q=24.1052940,47.2877810",
160,RY076,الخرج,السحاب,Franchises,24.1367626,47.3718491,dropped_pin,,,,https://maps.app.goo.gl/HrfFWthkCngyizuv5,"https://www.google.com/maps?q=24.1367626,47.3718491",
161,RY077,الخرج,السفير 1 ( طويق الزاهر ),Franchises,24.1306915,47.3509636,dropped_pin,,,,https://maps.app.goo.gl/23UjZ3bbbUE6WBsJ6,"https://www.google.com/maps?q=24.1306915,47.3509636",
162,HA109,حائل,المدائن - حائل,Franchises,27.401975,41.719733,dropped_pin,,,,https://maps.app.goo.gl/tRqKHwixcqpCmMte6,"https://www.google.com/maps?q=27.4019750,41.7197330",
163,Mk284,مكة,محطة بتروتن مكة,Franchises,21.309018,39.688836,dropped_pin,,,,https://maps.app.goo.gl/uEx98XyhDp7bGTYDA,"https://www.google.com/maps?q=21.3090180,39.6888360",
164,JO251,الجوف,محطة الريان - الجوف,Franchises,31.345833,37.352119,dropped_pin,,,,https://maps.app.goo.gl/rSbZF4Bnh2AfNLYZ8,"https://www.google.com/maps?q=31.3458330,37.3521190",تنبيه: الموقع يبعد ~312 كم عن الجوف — تحقق من صحة الرابط في الجدول
165,JO281,الجوف,القريات - النسيم,Franchises,31.310316,37.346631,dropped_pin,,,,https://maps.app.goo.gl/V9KwM4ksGvsw5V2s6,"https://www.google.com/maps?q=31.3103160,37.3466310",تنبيه: الموقع يبعد ~310 كم عن الجوف — تحقق من صحة الرابط في الجدول
166,JO298,الجوف,القريات - الصناعية,Franchises,31.34385,37.3664135,google_place,8782 Al Madinah Al Munawarah Rd,"WCMB8782, 8782 Al Madinah Al Munawarah Rd, 5076, As Sinaiyah, Al Qurayyat 77453, Saudi Arabia",ChIJ_fnkoR4GEBURahKetyxqY_Y,https://maps.app.goo.gl/rYLzFeLEJAmZmDC4A,"https://www.google.com/maps?q=31.3438500,37.3664135",تنبيه: الموقع يبعد ~311 كم عن الجوف — تحقق من صحة الرابط في الجدول
167,EP315,الشرقية,وهل طريق الخليج,Franchises,25.3424293,49.6175671,google_place,7054 ابن رشيد,"FHDI7054، 7054 ابن رشيد، 3023، حي المزروع الثاني, Al Hofuf 36365, Saudi Arabia",ChIJ3yNHBNuTNz4RBJmVZlZiDm0,https://maps.app.goo.gl/vVrcwxh2n51oNXxX8,"https://www.google.com/maps?q=25.3424293,49.6175671",
168,MD297,المدينة المنورة,المدينة عين الخيف,Franchises,24.452977,39.693932,dropped_pin,,,,https://maps.app.goo.gl/zZZU42UcyCj5f4k68,"https://www.google.com/maps?q=24.4529770,39.6939320",
169,MK304,جدة,حي الرياض,Franchises,21.855405,39.210434,dropped_pin,,,,https://maps.app.goo.gl/v7fdHhdEkQGXjJN27,"https://www.google.com/maps?q=21.8554050,39.2104340",
170,EP316,الشرقية,محطة القصيم,Franchises,28.463903,45.98374,dropped_pin,,,,https://maps.app.goo.gl/b9F9fjwSft3Bfzvj9,"https://www.google.com/maps?q=28.4639030,45.9837400",تنبيه: الموقع يبعد ~464 كم عن الشرقية — تحقق من صحة الرابط في الجدول
171,RY204,الرياض,محطة النسيم,Franchises,24.7549431,46.8312486,google_place,8060 ابي الاسود الدؤلي، النسيم الشرقي، الرياض 14241 3087 Abi Al Aswad Al Douli,"8060 ابي الاسود الدؤلي، النسيم الشرقي، الرياض 14241 3087 Abi Al Aswad Al Douli, 3087, An Nasim Ash Sharqi, Riyadh 14241, Saudi Arabia",ChIJ5T_LynuqLz4R8wLgPj2HYq4,https://maps.app.goo.gl/cQwwmUHWPGjpUYmq6,"https://www.google.com/maps?q=24.7549431,46.8312486",
172,MD294,المدينة المنورة,نقطة ايفاء العلا,Franchises,26.540125,37.966918,dropped_pin,,,,https://maps.app.goo.gl/9fwjwbwk3HpgMKBn7,"https://www.google.com/maps?q=26.5401250,37.9669180",تنبيه: الموقع يبعد ~283 كم عن المدينة المنورة — تحقق من صحة الرابط في الجدول
173,RY199,الخرج,نبض - الرفايع,Franchises,24.321695,47.158729,dropped_pin,,,,https://maps.app.goo.gl/9pHwSe7nvTvVuq6y9,"https://www.google.com/maps?q=24.3216950,47.1587290",
174,AS128,عسير,الفرعاء,Franchises,18.0666237,42.7145882,google_place,رايات المثلث للوقود,"3P87+JRW، القلت 62268, Saudi Arabia",ChIJFxXubHW7_BURAbSHgmnLHJc,https://maps.app.goo.gl/DYV5mAWoi6psNmrL7,"https://www.google.com/maps?q=18.0666237,42.7145882",
175,AS129,عسير,محطة الجنوب,Franchises,18.829893,43.233825,dropped_pin,,,,https://maps.app.goo.gl/ihDU4kXzjVTZ7icK8,"https://www.google.com/maps?q=18.8298930,43.2338250",
176,MK322,جدة,محطة الياقوت,Franchises,21.781861,39.07002,dropped_pin,,,,https://maps.app.goo.gl/36kkyEATST4uB7es8,"https://www.google.com/maps?q=21.7818610,39.0700200",
177,EP325,الشرقية,رمكو البطحاء,Franchises,24.135421,49.222719,dropped_pin,,,,https://maps.app.goo.gl/sXwvdskpQsPfkHCC6,"https://www.google.com/maps?q=24.1354210,49.2227190",تنبيه: الموقع يبعد ~268 كم عن الشرقية — تحقق من صحة الرابط في الجدول
178,QS330,القصيم,محطة القويع,Franchises,26.33106,43.949766,dropped_pin,,,,https://maps.app.goo.gl/Ywy97T2jvgG6EB4w8,"https://www.google.com/maps?q=26.3310600,43.9497660",
179,QS331,القصيم,محطة البصر,Franchises,26.301671,43.850588,dropped_pin,,,,https://maps.app.goo.gl/3Wfka8KZnutEo3UA6,"https://www.google.com/maps?q=26.3016710,43.8505880",
180,QS332,القصيم,محطة البدائع,Franchises,25.97675,43.754599,dropped_pin,,,,https://maps.app.goo.gl/rgtwiZQ8XAj1ffoy6,"https://www.google.com/maps?q=25.9767500,43.7545990",
181,AS180,عسير,محطة المركاض,Franchises,18.6082742,42.6811212,google_place,JM5J+8F8,"JM5J+8F8, 255, Wadi Ibn Hashbal 62917, Saudi Arabia",ChIJ10KWhTA3-xUR7_yxM5Jt6yo,https://maps.app.goo.gl/ZWaCBzrSuvyCPM9D9,"https://www.google.com/maps?q=18.6082742,42.6811212",
182,AS226,ابها,المصيف,Operation,18.2616684,42.4996719,dropped_pin,,,,https://goo.gl/maps/s1ykbLUWawUFx5NA7,"https://www.google.com/maps?q=18.2616684,42.4996719",
183,MK036,مكة,محطة حلي,Operation,18.7877941,41.3590202,dropped_pin,,,,https://maps.app.goo.gl/Q87z9kZ58JN1EMdUA,"https://www.google.com/maps?q=18.7877941,41.3590202",تنبيه: الموقع يبعد ~333 كم عن مكة — تحقق من صحة الرابط في الجدول
184,JA058,جازان,أبو عريش جازان زيارة ام الغلف,Operation,16.9437166,42.8743031,dropped_pin,,,,https://maps.app.goo.gl/s9Msko22UKnrJ2qQ8,"https://www.google.com/maps?q=16.9437166,42.8743031",
185,AS287,عسير,عقبة شعار,Operation,18.482235,42.3808346,dropped_pin,,,,https://maps.app.goo.gl/rwxPGN2JL4GaRX9K7?g_st=iwb,"https://www.google.com/maps?q=18.4822350,42.3808346",
186,MK057,مكة,الريان-الجموم,Operation,21.687189,39.9409578,dropped_pin,,,,https://maps.app.goo.gl/NEXWXpEVVXTwornD9,"https://www.google.com/maps?q=21.6871890,39.9409578",
187,TB146,تبوك,القادسية,Operation,28.429889,36.502,dropped_pin,,,,https://maps.app.goo.gl/7ZNAUu7L6vtQ2bX17,"https://www.google.com/maps?q=28.4298890,36.5020000",
188,JA234,جازان,محطة الرحاب (البشاير),Operation,16.8784986,42.6060855,google_place,Gas Station,"VJH4+9CW, King Faisal Rd, As Suways, Jazan 82625, Saudi Arabia",ChIJD3QCyBXjBxYR_D3P8nhc6lA,https://maps.app.goo.gl/uQTUEdvKbKTf1nA47?g_st=aw,"https://www.google.com/maps?q=16.8784986,42.6060855",
189,JA353,جازان,محطة الحنيني-صامطة,Operation,16.585843,42.817172,dropped_pin,,,,https://maps.app.goo.gl/iaHkd6FHWGTfFLRF7,"https://www.google.com/maps?q=16.5858430,42.8171720",
190,MK317,الطائف,وادي وج,Operation,21.2469407,40.3785565,dropped_pin,,,,https://maps.app.goo.gl/uvPENCwH85a8TepcA?g_st=iw,"https://www.google.com/maps?q=21.2469407,40.3785565",
191,تحت التوثيق,خميس مشيط,الوادين أحد رفيده ـ عسير,Operation,18.0794062,42.775329,google_place,3QHG+Q43,"3QHG+Q43، العقالة 62236, Saudi Arabia",ChIJ8-juWr2k_BURnciuqpCm-gQ,https://maps.app.goo.gl/f6KQE9iYiVHmBSxeA,"https://www.google.com/maps?q=18.0794062,42.7753290",
192,MK038,الطائف,محطة القديرة,Operation,,,,,,,,,لا يوجد رابط لوكيشن في الجدول
193,MK039,رابغ,محطة الجود / رابغ,Operation,22.7737598,39.0373154,dropped_pin,,,,https://maps.app.goo.gl/vQyFVVi4dCgogwkYA,"https://www.google.com/maps?q=22.7737598,39.0373154",
194,MK048,عشيرة,عشيرة,Operation,21.7510803,40.6540025,google_place,8961 4420,"TGUA8961, 8961 4420, 2165, Ashayrah 26386, Saudi Arabia",ChIJJ76Cy1-t6xURjBkuiufuJ_M,https://maps.app.goo.gl/2n8s66vt6gYdXaPf8,"https://www.google.com/maps?q=21.7510803,40.6540025",
195,MK098,الطائف,وادي جليل,Operation,21.3878465,40.5205869,google_place,محطة الخماش للمواد البترولية - الشواحط,"قرية الشواحط, C31, Taif 26556, Saudi Arabia",ChIJG-K9qC8p6hURy0QphPzdbhg,https://maps.app.goo.gl/HidRQsVqZvJq5NXw8,"https://www.google.com/maps?q=21.3878465,40.5205869",
196,MK143,الطائف,مدينة الورود,Operation,21.378806,40.431735,dropped_pin,,,,https://maps.app.goo.gl/syRQo5bWzMMJ9XP8A,"https://www.google.com/maps?q=21.3788060,40.4317350",
197,RY147,الرياض,حوطة بني تميم,Operation,23.508846,46.905824,dropped_pin,,,,https://maps.app.goo.gl/7ZEMAE6D1TAecuhWA,"https://www.google.com/maps?q=23.5088460,46.9058240",تنبيه: الموقع يبعد ~135 كم عن الرياض — تحقق من صحة الرابط في الجدول
198,TB148,تبوك,بئر بن هرماس,Operation,28.865776,36.22865,dropped_pin,,,,https://maps.app.goo.gl/qUSbLwFti2wfzk5f7,"https://www.google.com/maps?q=28.8657760,36.2286500",
199,RY149,الدلم,طريق الحاير,Operation,23.761945,46.955846,dropped_pin,,,,https://maps.app.goo.gl/nS7Ujb35EqQivfcRA,"https://www.google.com/maps?q=23.7619450,46.9558460",
200,MK150,جدة,حداء-بحره,Operation,21.441663,39.540666,dropped_pin,,,,https://maps.app.goo.gl/5BBzj7ExUDDgYBNp9,"https://www.google.com/maps?q=21.4416630,39.5406660",
201,JA187,جازان,محطة درب الناصرية ( أبو عريش ),Operation,16.989283,42.817244,dropped_pin,,,,https://maps.app.goo.gl/8bVhNexMQ4FZoXpKA,"https://www.google.com/maps?q=16.9892830,42.8172440",
202,AS189,عسير,محطة الخزامى بيشه,Operation,20.0104946,42.618366,google_place,Fuel bin Hamad station,"Alkhuzama, Bisha 67711, Saudi Arabia",ChIJM6pkXeMr8BUR1SKJQ9sX2OI,https://maps.app.goo.gl/DeXvxtcYfpn97mMGA,"https://www.google.com/maps?q=20.0104946,42.6183660",
203,AS193,خميس مشيط,طريق المئة,Operation,18.2368927,42.6818576,google_place,كوفي المزرعه 🌴 the farm,"حي النجاح، AGAA3505، 3505 طريق الامير سلطان، 8973، خميس مشيط 62217, Saudi Arabia",ChIJB1I_QACp_BURwAR167Ujj00,https://maps.app.goo.gl/h7Syc4Q85xbjaoKY9?g_st=iw,"https://www.google.com/maps?q=18.2368927,42.6818576",
204,AB254,ابها,محطة الزهور,Operation,18.3199113,42.6133077,dropped_pin,,,,https://maps.app.goo.gl/ow1jGXUN3T8R2bhb8?g_st=iw,"https://www.google.com/maps?q=18.3199113,42.6133077",
205,RY312,الرياض,محطة الغروب,Operation,24.5551148,46.4962545,dropped_pin,,,,https://maps.app.goo.gl/M8b8LzA46YH1jC2P6?g_st=iw,"https://www.google.com/maps?q=24.5551148,46.4962545",
206,MK333,جدة,محطة الرويس ( شارع حائل ),Operation,21.5131898,39.1730394,google_place,6770 Hael,"JBRB6770, 6770 Hael, 4127, AR Ruwais District, Jeddah 23213, Saudi Arabia",ChIJVa6jmJfPwxUReEUwV0GEbSE,https://maps.app.goo.gl/7dBhK1JDuEPXjpgt6?g_st=iw,"https://www.google.com/maps?q=21.5131898,39.1730394",
207,MK334,الطائف,صناعية الطائف,Operation,,,,,,,,,لا يوجد رابط لوكيشن في الجدول
208,EP336,الدمام,طيبة الدمام,Operation,26.3582522,50.0670925,dropped_pin,,,,https://maps.app.goo.gl/HbNJ6ZSZkRh9emEQ7,"https://www.google.com/maps?q=26.3582522,50.0670925",
209,MK339,جدة,محطة الشاطئ,Operation,21.5831673,39.1254104,dropped_pin,,,,https://maps.app.goo.gl/oBAW4S4XTLcQUuFZ9?g_st=iw,"https://www.google.com/maps?q=21.5831673,39.1254104",
210,AS354,خميس مشيط,محطة الواحة,Operation,18.3336548,42.6868992,dropped_pin,,,,https://maps.app.goo.gl/yrUqSdJMZJ38wnhy6?g_st=iw,"https://www.google.com/maps?q=18.3336548,42.6868992",
211,RY355,الرياض,محطة العريجاء,Operation,24.5779232,46.5786213,google_place,محطة الصباح,"6588 Bilal Ibn Rabah, 6588, 2254, Riyadh 14921, Saudi Arabia",ChIJ-e6hldgZLz4RBE4rJBabt4Y,https://maps.app.goo.gl/WUviPFVrgT7f9omx9?g_st=iw,"https://www.google.com/maps?q=24.5779232,46.5786213",نفس الرابط مستخدم أيضًا للمحطة: RY356 — تحقق من الجدول
212,RY356,الرياض,محطة المونسية,Operation,24.5779232,46.5786213,google_place,محطة الصباح,"6588 Bilal Ibn Rabah, 6588, 2254, Riyadh 14921, Saudi Arabia",ChIJ-e6hldgZLz4RBE4rJBabt4Y,https://maps.app.goo.gl/WUviPFVrgT7f9omx9?g_st=iw,"https://www.google.com/maps?q=24.5779232,46.5786213",نفس الرابط مستخدم أيضًا للمحطة: RY355 — تحقق من الجدول
213,JA357,جازان,محطة الريث,Operation,17.6407774,42.7544677,dropped_pin,,,,https://maps.app.goo.gl/Rzuzjmr8cTPWAujz7?g_st=iw,"https://www.google.com/maps?q=17.6407774,42.7544677",
214,AS359,عسير,المصيف خميس مشيط,Operation,,,,,,,,,لا يوجد رابط لوكيشن في الجدول
215,MK314,مكة,قوس النصر-الخالدية,Franchises,21.402652,39.809365,dropped_pin,,,,https://maps.app.goo.gl/vZKhCykEp7s7pxQX8,"https://www.google.com/maps?q=21.4026520,39.8093650",
216,EP329,حفر الباطن,محطة الورود,Franchises,28.300298,45.947207,dropped_pin,,,,https://maps.app.goo.gl/5CdfZdUp26V1hYEHA,"https://www.google.com/maps?q=28.3002980,45.9472070",
217,JA157,جازان,ديبر,Franchises,16.928832,43.118334,dropped_pin,,,,https://maps.app.goo.gl/wEUGzJW9ZJTQABBN8,"https://www.google.com/maps?q=16.9288320,43.1183340",
218,JA152,جازان,أبو سبيلة-العارضة,Franchises,16.9148786,43.092372,dropped_pin,,,,https://maps.app.goo.gl/VvYiUXMtHmQnEAyRA,"https://www.google.com/maps?q=16.9148786,43.0923720",
219,JA209,جازان,ضمد-الظبية,Franchises,17.0507214,42.7200959,google_place,محطة صديق الطريق,"3P2C+72Q، طريق صنبه, Damad Saudi Arabia",ChIJiYmtagBZ_RURJH3U_hyF6Jw,https://maps.app.goo.gl/u4JQsCJctwE7ED4d8?g_st=iw,"https://www.google.com/maps?q=17.0507214,42.7200959",
220,AS328,محايل عسير,خميس البحر,Franchises,18.00677,41.900188,dropped_pin,,,,https://maps.app.goo.gl/SNa6GqCdjzbRKh386,"https://www.google.com/maps?q=18.0067700,41.9001880",
