Station Number,City,Station Name,Latitude,Longitude,Coordinates,Google Place Name,Notes
MK001,مكة,جبل النور,21.455069,39.874186,"21.455069, 39.874186",Darb 1 Petrol Station,
MK002,مكة,المعيصم,21.465684,39.899787,"21.465684, 39.899787",محطة درب,
MK003,مكة,العوالي,21.361111,39.899656,"21.361111, 39.899656",محطة درب,
MK008,مكة,الحسينية,21.31928,39.887062,"21.31928, 39.887062",محطة درب,
MK007,مكة,العمرة الجديدة,21.5454699,39.7787467,"21.5454699, 39.7787467",محطة درب الجديدة طريق المدينة المنورة,
MK014,مكة,خليص,22.08864,39.281023,"22.08864, 39.281023",محطة درب,
MK016,مكة,الرصيفة,21.4029375,39.7923125,"21.4029375, 39.7923125",محطة درب,
MK017,مكة,عرفات الشوقية,21.3828125,39.7873125,"21.3828125, 39.7873125",محطة درب,
MK018,مكة,الرصيفة المسار,21.408227,39.78885,"21.408227, 39.78885",,
MK019,مكة,الشرايع,21.4772152,39.9154227,"21.4772152, 39.9154227",محطة درب,
MK020,مكة,ممشى الشوقية,21.3703425,39.7976621,"21.3703425, 39.7976621",محطة درب,
MK022,مكة,1بطحاء قريش,21.3493706,39.8347736,"21.3493706, 39.8347736",محطة درب,
MK023,مكة,بن درويش,21.4704375,39.9289375,"21.4704375, 39.9289375",محطة درب,
MK029,مكة,الدائري الثالث-الذكرى,21.4077361,39.7839162,"21.4077361, 39.7839162",محطة درب,
MK031,مكة,2بطحاء قريش,21.3654375,39.8314375,"21.3654375, 39.8314375",محطة درب,
MK033,مكة,ابو وافي العمرة,21.5996063,39.7879791,"21.5996063, 39.7879791",محطة درب - العمرة الجديدة مكة,
MK047,مكة,القادسية,21.4656026,39.9774321,"21.4656026, 39.9774321",درب,
MK049,مكة,السلولي,21.3454637,39.7641901,"21.3454637, 39.7641901",محطة درب,
MK064,مكة,جعرانه,21.5484955,39.9480126,"21.5484955, 39.9480126",محطة درب محطةدرب,
MK068,مكة,الجموم - الكنيدري,21.6142042,39.7005756,"21.6142042, 39.7005756",محطة,
MK072,مكة,العزيزية,21.399723,39.8773799,"21.399723, 39.8773799",محطة درب,
MK084,مكة,الكر النازل,21.3574273,40.2145054,"21.3574273, 40.2145054",محطة درب,
MK054,مكة,محطة طريق السيل,21.5186527,40.1039672,"21.5186527, 40.1039672",محطة درب,
MK323,مكة,جبل ثور-جوهرة النسيم,21.360823,39.877632,"21.360823, 39.877632",محطة درب,
MK257,مكة,الربوة مكة,21.3974765,39.7742498,"21.3974765, 39.7742498",,
MK258,مكة,الستين مكة,21.4249858,39.7862259,"21.4249858, 39.7862259",Benzol,تنبيه: المكان معلَّم على خرائط Google كمغلق نهائياً
MK004,الطائف,عاصفة الصحراء,21.500992,40.4904705,"21.500992, 40.4904705",محطة درب,
MK005,الطائف,الشيباني,21.355569,40.449593,"21.355569, 40.449593",Darb 5 Petrol Station,
MK006,الطائف,جنوب الطائف,21.237471,40.464029,"21.237471, 40.464029",محطة درب,
MK028,الطائف,احلى مساء,21.3112925,40.3669245,"21.3112925, 40.3669245",محطة درب,
MK035,الطائف,الجمعية الوسام( طريق الملك فهد),21.237522,40.375183,"21.237522, 40.375183",محطة درب,
MK046,الطائف,الحليس(طريق الجنوب),21.227507,40.531671,"21.227507, 40.531671",محطة درب,
MK063,الطائف,السواط(شهار),21.2340022,40.4154689,"21.2340022, 40.4154689",محطة درب,
MK067,الطائف,تربه,21.2166126,41.6313886,"21.2166126, 41.6313886",محطة درب,
MK093,الطائف,الملك خالد,21.2900198,40.4437956,"21.2900198, 40.4437956",محطة درب,
MK099,الطائف,البيعه,21.2826293,40.4399932,"21.2826293, 40.4399932",محطة درب,
MK015,جدة,النسيم,21.511758,39.226482,"21.511758, 39.226482",محطة درب,
MK071,جدة,الاجاويد,21.3957088,39.2932839,"21.3957088, 39.2932839",محطة درب,
MK100,جدة,الكوثر,21.7294266,39.2061742,"21.7294266, 39.2061742",,
MK154,جدة,العليا-ابحر الشمالية,21.7464487,39.1480853,"21.7464487, 39.1480853",محطة درب,
MK210,جدة,الفلاح-فلسطين,21.557699,39.2908608,"21.557699, 39.2908608",محطة درب,
MK300,جدة,بترولايز البغدادية,21.4946843,39.1737006,"21.4946843, 39.1737006",محطة درب - البغدادية الغربية جدة,
MK103,جدة,اكويلا فيول - المعلمي,21.6138704,39.1747977,"21.6138704, 39.1747977",محطة درب,
MK216,جدة,الواحة,21.552031,39.244358,"21.552031, 39.244358",محطة درب,
MK223,جدة,     بترو لايز المساعدية  / الحمراء,21.537642,39.163804,"21.537642, 39.163804",محطة درب,
MK289,جدة,طريق الليث التعاون-الفضيلة,21.328842,39.261868,"21.328842, 39.261868",محطة درب,
MK311,جدة,قويزه,21.4825375,39.3018479,"21.4825375, 39.3018479",محطة درب,
JA053,جازان,خبت نخلان(الملك عبد العزيز)-جيزان,17.1929375,42.6393125,"17.1929375, 42.6393125",محطة درب,
JA060,جازان,صناعية صامطه,16.6347029,42.9330356,"16.6347029, 42.9330356",محطة درب,
JA061,جازان,طريق صبيا,16.971933,42.616468,"16.971933, 42.616468",محطة درب,
JA069,جازان,كورنيش جيزان,16.954885,42.5389842,"16.954885, 42.5389842",محطة بنزين درب,
JA056,جازان,الروابي-المودة,16.9610914,42.6113902,"16.9610914, 42.6113902",محطة درب,
JA227,جازان,العارضة,17.0190862,43.0453769,"17.0190862, 43.0453769",محطة درب,
   JA272,جازان,مسارات درب الزامل  ,20.0456609,42.5842456,"20.0456609, 42.5842456",محطة درب,
JA092,جازان,الصفا-محمد بن ناصر+ احد المسارحه,16.7004001,42.9554266,"16.7004001, 42.9554266",محطة درب,
JA302,جازان, ركن جاز الفرسان,16.6926298,42.1244745,"16.6926298, 42.1244745",,
JA256,جازان,ركن جاز الفطيحة,17.5687418,42.6329913,"17.5687418, 42.6329913",محطة درب,
JA041,جازان,القسوم-احد المسارحه,16.7245739,42.9411982,"16.7245739, 42.9411982",محطة درب,
JA156,جازان,ركن جاز  العيدابي - لتركو,17.2382816,42.9507329,"17.2382816, 42.9507329",محطة درب,
JA207,جازان,الطالبي - الحقو,17.529936,42.67672,"17.529936, 42.67672",,
JA348,جازان,صبيا  / جازان,17.157531,42.6230989,"17.157531, 42.6230989",محطة هايبر,
RY024,الخرج,غرناطة - الخرج طريق الملك عبد الله,24.1410803,47.2821616,"24.1410803, 47.2821616",محطة درب,
RY025,الخرج,الحمرا - الخرج طريق الملك عبد الله,24.1607766,47.3110583,"24.1607766, 47.3110583",محطة درب - حي الحمراء الخرج,
RY042,الخرج,الناصفة,24.1925625,47.2766875,"24.1925625, 47.2766875",محطة درب,
BH065,الباحة,النزهه ,20.0399842,41.4955444,"20.0399842, 41.4955444",محطة درب,
,,,,,,,صف فارغ
AS081,عسير,العزيزيه,18.30786,42.754308,"18.30786, 42.754308",محطة درب,
As085,عسير,خيبر بيشة,18.81064,42.8797486,"18.81064, 42.8797486",محطة درب,
AS271,عسير,مسارات درب عقبة شعار ,18.4276126,42.474229,"18.4276126, 42.474229",محطة درب,
AS153,عسير,محطة مدخل محايل,18.5569739,42.0425775,"18.5569739, 42.0425775",محطة درب,
RY075,الرياض,الدايري الشمالي,24.7869847,46.7071266,"24.7869847, 46.7071266",محطة درب - الفلاح الرياض,
RY106,الرياض,نجم الدين الايوبي - طويق,24.5520662,46.5705565,"24.5520662, 46.5705565",محطة درب,
EP102,الشرقية,شارع أحد تاروت-القطيف,26.57409,50.05348,"26.57409, 50.05348",محطة درب,
EP051,الشرقية,كورنيش الخبر,26.142104,50.160056,"26.142104, 50.160056",محطة درب,
HA043,حائل,العريفي,27.4695751,41.6621156,"27.4695751, 41.6621156",محطة درب,
QS055,القصيم,الدائري الشرقي,26.335151,44.0563043,"26.335151, 44.0563043",محطة درب,
MD224,المدينة المنورة,محطة الجمعية العربية,24.1007373,38.0871288,"24.1007373, 38.0871288",محطة درب,
MD009,المدينة المنورة,طريق السلام,24.4901987,39.5073193,"24.4901987, 39.5073193",محطة درب,
EP134,حفر الباطن,فيو الواحة,28.40093,45.981949,"28.40093, 45.981949",محطة درب,
"NP130
",طريف,العقيلي -طريق الامير سلطان,31.6524837,38.6864162,"31.6524837, 38.6864162",محطة درب,
NP131,طريف,العقيلي- طريق ابو بكر,31.67391,38.688907,"31.67391, 38.688907",محطة درب,
NJ219,نجران,المركب,17.52976,44.325001,"17.52976, 44.325001",محطة درب,
RY201,الرياض,نبض- طنجة ظهرة البديعة,24.6003399,46.6585284,"24.6003399, 46.6585284",محطة درب,
JA070,جازان,درب الجنوب الاولي - بندر عبده محمد الوائلي الظبية,17.1153071,42.6548026,"17.1153071, 42.6548026",محطة درب,
AS192,خميس مشيط ,محطه الرؤيا-وادي هشبل ,18.377249,42.714924,"18.377249, 42.714924",محطة درب,
AS286,محايل عسير,صناعية محائل,18.5234375,41.9278125,"18.5234375, 41.9278125",محطة درب,
RY083,الرياض,الحوميات,23.0448112,42.8550606,"23.0448112, 42.8550606",Naba Gas station,
JA141,جازان,الأمير سلطان-بيش,19.9286875,42.5945625,"19.9286875, 42.5945625",محطة درب,
MK228,جدة,جدةالملك خالد - دلهام,21.503793,39.197905,"21.503793, 39.197905",محطة درب,
MK310,جدة,الشاطئ-طريق الملك,21.6048353,39.1205061,"21.6048353, 39.1205061",محطة درب,
MK040,جدة,درب - الروضة,21.5630333,39.1533304,"21.5630333, 39.1533304",محطة درب,
JA059,جازان,طريق الملك فهد جازان,16.9681875,42.5678125,"16.9681875, 42.5678125",محطة درب,
MK027,الطائف,الصيانة-طريق المطار,21.331934,40.4366171,"21.331934, 40.4366171",محطة درب,
MK205,جدة,نقز - الربوة,21.6123076,39.1878715,"21.6123076, 39.1878715",محطة درب,
MK021,الطائف,الوسام,21.2285634,40.3789364,"21.2285634, 40.3789364",محطة درب,
MK161,جدة,الحزم,21.8617263,39.0528576,"21.8617263, 39.0528576",محطة درب,
MD096,المدينة المنورة,الهجرة,24.4250945,39.5685883,"24.4250945, 39.5685883",محطة درب,
MK044,مكة,القنفذة,19.1214375,41.1009375,"19.1214375, 41.1009375",محطة درب,
MK012,جدة,طيبه,21.7924585,39.1534145,"21.7924585, 39.1534145",محطة درب,
MK045,المدينة المنورة,مدينة الملك عبد الله-رابغ,22.396501,39.192485,"22.396501, 39.192485",محطة درب,
MK066,جدة,الأمير فواز,21.428833,39.2949042,"21.428833, 39.2949042",محطة درب,
RY105,الرياض,طريق الأمير سعد,24.688193,46.8013265,"24.688193, 46.8013265",محطة درب,
MK326,جدة,"محطة الحمدانية 
",21.7594649,39.1984673,"21.7594649, 39.1984673",محطة درب,
MK013,مكة,بن العباس_الشوقية,21.3706799,39.7907675,"21.3706799, 39.7907675",محطة درب,
MK285,جدة,القرينية,21.3179499,39.2468035,"21.3179499, 39.2468035",محطة درب,
MK260,جدة,ابحر الشمالية-الزمرد ,21.8208125,39.0591875,"21.8208125, 39.0591875",محطة درب,
MK037,مكة,الراشدية,21.4680617,40.0007158,"21.4680617, 40.0007158",محطة درب,
BH050,الباحة,الاطاولة,20.2791514,41.3582562,"20.2791514, 41.3582562",محطة درب,
EP133,حفر الباطن,طريق الملك عبدالله,28.4099365,45.9702918,"28.4099365, 45.9702918",محطة درب,
MD123,المدينة المنورة,محطة بترو بارك - المدينة المنورة,24.4655411,39.5826962,"24.4655411, 39.5826962",محطة درب,
MK206,جدة,نقز - الاجواد,21.6088179,39.2611791,"21.6088179, 39.2611791",محطة درب,
MK080,مكة,طريق السيل,21.5182085,40.0926308,"21.5182085, 40.0926308",4452 84 حنين الشرائع,
MK164,مكة,محطة ولي العهد 3,21.3166905,39.7083916,"21.3166905, 39.7083916",,
MD011,المدينة المنورة,ابيار,24.2263793,39.5545662,"24.2263793, 39.5545662",محطة درب,
RY073,الرياض,القديه,24.5515252,46.4843329,"24.5515252, 46.4843329",محطة درب,
EP074,حفر الباطن,حي الورود,28.3002194,45.9469864,"28.3002194, 45.9469864",محطة درب,
MD194,المدينة المنورة,محطة النواة,24.067558,38.121863,"24.067558, 38.121863",,
JA155,جازان,محطة بترو بارك,17.4406111,42.5199167,"17.4406111, 42.5199167",,
RY200,الرياض,نبض - ثادج,25.828716,42.680627,"25.828716, 42.680627",,
MK217,مكة,محطة المظليف,19.5378828,41.0488429,"19.5378828, 41.0488429",محطه قنوي,
HA050,حائل,مطار حائل,27.483218,41.7021442,"27.483218, 41.7021442",,
BH126,الباحة,"محطة الحميدان
",20.2115843,41.3672353,"20.2115843, 41.3672353",محطة ففكو FIFCO,
MK127,جدة,درب بحره,21.4014658,39.4553798,"21.4014658, 39.4553798",8590 طريق مكة القديم بحرة,
JA094,جازان,الكربوس (محطة الزهور ),16.8615518,42.6323994,"16.8615518, 42.6323994",,
RY338,الرياض,محطة التعاون,24.7646412,46.7018535,"24.7646412, 46.7018535",محطة لوجيكال للوقود - الرياض,
HA052,حائل,الأمير سعود,27.468506,41.64977,"27.468506, 41.64977",,
EP349,الاحساء,-,25.278688,49.708832,"25.278688, 49.708832",,
EP301,الدمام,الدمام Dammam,26.379529,50.17849,"26.379529, 50.17849",,
NJ350,نجران,زهرة الجنوب 1,17.756034,43.506832,"17.756034, 43.506832",,
EP337,الاحساء,الحزام الذهبي الاحساء,25.411059,49.546924,"25.411059, 49.546924",,
EP335,الاحساء,النزهة الاحساء,25.4483082,49.5939283,"25.4483082, 49.5939283",محطه لوجيكال - المبرز الاحساء,
AS255,عسير,طريق الستين (نوره الشهراني),20.0309085,42.6752801,"20.0309085, 42.6752801",5601 ولي العهد بيشة حي الصفا,تنبيه: نفس الرابط مستخدم أيضاً للمحطة AS124 — تحقق من صحة الرابط
EP299,الشرقية,طريق قبه,27.624208,44.685494,"27.624208, 44.685494",,
MK313,جدة,محطة الصفا,21.584632,39.217162,"21.584632, 39.217162",,
AS124,عسير,الصفاء,20.0309085,42.6752801,"20.0309085, 42.6752801",5601 ولي العهد بيشة حي الصفا,تنبيه: نفس الرابط مستخدم أيضاً للمحطة AS255 — تحقق من صحة الرابط
MK091,الطائف,محطة السر,21.2035788,40.6310901,"21.2035788, 40.6310901",4383 الملعب 23 الطائف,
JA188,جازان,محطة طريق الملك عبدالعزيز بيش,17.3545055,42.545415,"17.3545055, 42.545415",محطة وقود,
AS197,خميس مشيط ,سوق الاشواق,18.3364891,42.7449418,"18.3364891, 42.7449418",3641 جحش الجهني - خميس مشيط,
MK191,جدة,الربوة التلاتين,21.6034364,39.1833411,"21.6034364, 39.1833411",محطة الثلاثين,
MK318,الطائف,محطة الدغمية الخرمة,21.970515,42.048956,"21.970515, 42.048956",2167 الخرمه 815,
QS319,القصيم,محطة قرطبة - سنيدي-بريدة,26.4068448,43.9027291,"26.4068448, 43.9027291",,
MK082,جدة,امنيتي(اسكان المدائن),21.4604384,39.2481878,"21.4604384, 39.2481878",محطة درب حي الوزيريه,
EP324,الشرقية,رمكو الصفوي,26.654062,49.92447,"26.654062, 49.92447",,
تحت التوثيق,جدة,هدى الشام,21.6151175,39.2704458,"21.6151175, 39.2704458",,
JA259,جازان,الخالدية ضمد,17.1044162,42.7577449,"17.1044162, 42.7577449",GBDE2605 ضمد,
MK104,جدة,الخمرة,21.332535,39.261769,"21.332535, 39.261769",,
MK142,مكة,عين شمس,21.68974,39.826491,"21.68974, 39.826491",,
NJ145,نجران,المندفق,18.5846257,45.322113,"18.5846257, 45.322113",7055 طريق الملك عبد العزيز ظلماء,
NA190,نجران,الحصينية,17.8123541,44.4411687,"17.8123541, 44.4411687",8823 طريق الملك عبد العزيز - الحصينية,
AS225,عسير,محطة الفلاح-بيشة,20.0455538,42.5843214,"20.0455538, 42.5843214",محطة بالشوك,
MK190,مكة,قديد,22.430833,39.362641,"22.430833, 39.362641",,
MD097,المدينة المنورة,الامام مسلم,24.4647056,39.5164567,"24.4647056, 39.5164567",محطة زاوية طيبة للمحروقات,
,خميس مشيط,خميس مشيط طريق الرياض,18.3027177,42.7766103,"18.3027177, 42.7766103",,
JA026,جازان,الكربوس - طريق الملك فيصل,16.877875,42.64314,"16.877875, 42.64314",,
AS211,عسير,المطار القديم,18.318742,42.750351,"18.318742, 42.750351",,
AS212,عسير,محايل عسر الياسمين,18.534657,42.056102,"18.534657, 42.056102",,
BH253,الباحة,مثلث الأطاولة العقيق,20.221548,41.36272,"20.221548, 41.36272",,
BH108,الباحة,بني عدوان (شمرخ),20.383154,41.305395,"20.383154, 41.305395",,
RY095,الخرج,السفير 4 (الهداء),24.105294,47.287781,"24.105294, 47.287781",,
RY076,الخرج,السحاب,24.1367626,47.3718491,"24.1367626, 47.3718491",,
RY077,الخرج,السفير 1 ( طويق الزاهر ),24.1306915,47.3509636,"24.1306915, 47.3509636",,
HA109,حائل,المدائن - حائل,27.401975,41.719733,"27.401975, 41.719733",,
Mk284,مكة,محطة بتروتن مكة,21.309018,39.688836,"21.309018, 39.688836",,
JO251,الجوف,محطة الريان - الجوف,31.345833,37.352119,"31.345833, 37.352119",,
JO281,الجوف,القريات - النسيم,31.310316,37.346631,"31.310316, 37.346631",,
JO298,الجوف,القريات - الصناعية,31.34385,37.3664135,"31.34385, 37.3664135",8782 Al Madinah Al Munawarah Rd,
EP315,الشرقية,وهل طريق الخليج,25.3424293,49.6175671,"25.3424293, 49.6175671",7054 ابن رشيد,
MD297,المدينة المنورة,المدينة عين الخيف,24.452977,39.693932,"24.452977, 39.693932",,
MK304,جدة,حي الرياض,21.855405,39.210434,"21.855405, 39.210434",,
EP316,الشرقية,محطة القصيم,28.463903,45.98374,"28.463903, 45.98374",,
RY204,الرياض,محطة النسيم,24.7549496,46.8312532,"24.7549496, 46.8312532",8060 ابي الاسود الدؤلي النسيم الشرقي الرياض,
MD294,المدينة المنورة,نقطة ايفاء العلا,26.540125,37.966918,"26.540125, 37.966918",,
RY199,الخرج,نبض - الرفايع,24.321695,47.158729,"24.321695, 47.158729",,
AS128,عسير ,الفرعاء,18.0666237,42.7145882,"18.0666237, 42.7145882",رايات المثلث للوقود,
AS129,عسير ,محطة الجنوب,18.829893,43.233825,"18.829893, 43.233825",,
MK322,جدة,محطة الياقوت,21.781861,39.07002,"21.781861, 39.07002",,
EP325,الشرقية,رمكو البطحاء,24.135421,49.222719,"24.135421, 49.222719",,
QS330,القصيم,محطة القويع,26.33106,43.949766,"26.33106, 43.949766",,
QS331,القصيم,محطة البصر,26.301671,43.850588,"26.301671, 43.850588",,
QS332,القصيم,محطة البدائع,25.97675,43.754599,"25.97675, 43.754599",,
AS180,عسير ,محطة المركاض,18.6082742,42.6811212,"18.6082742, 42.6811212",JM5J+8F8 - وادي ابن هشبل,
AS226,ابها,المصيف,18.2616684,42.4996719,"18.2616684, 42.4996719",,
MK036,مكة,محطة حلي,18.7877941,41.3590202,"18.7877941, 41.3590202",,
JA058,جازان,أبو عريش جازان زيارة ام الغلف,16.9437166,42.8743031,"16.9437166, 42.8743031",,
AS287,عسير,عقبة شعار,18.482235,42.3808346,"18.482235, 42.3808346",,
MK057,مكة,الريان-الجموم,21.687189,39.9409578,"21.687189, 39.9409578",,
TB146,تبوك,القادسية,28.429889,36.502,"28.429889, 36.502",,
JA234,جازان,محطة الرحاب (البشاير),16.8784986,42.6060855,"16.8784986, 42.6060855",محطة البشائر السويس جازان,
JA353,جازان,محطة الحنيني-صامطة,16.585843,42.817172,"16.585843, 42.817172",,
MK317,الطائف,وادي وج,21.2469407,40.3785565,"21.2469407, 40.3785565",,
تحت التوثيق,خميس مشيط,الوادين أحد رفيده ـ عسير,18.079406199999998,42.775329,"18.079406199999998, 42.775329",3QHG+Q43 العقالة,
MK038,الطائف,محطة القديرة,,,,,لا يوجد رابط موقع في الجدول
MK039,رابغ,محطة الجود / رابغ,22.7737598,39.0373154,"22.7737598, 39.0373154",,
MK048,عشيرة,عشيرة,21.7510803,40.6540025,"21.7510803, 40.6540025",TGUA8961 عشيرة,
MK098,الطائف,وادي جليل,21.3878465,40.5205869,"21.3878465, 40.5205869",محطة الخماش للمواد البترولية - الشواحط,
MK143,الطائف,مدينة الورود,21.378806,40.431735,"21.378806, 40.431735",,
RY147,الرياض,حوطة بني تميم,23.508846,46.905824,"23.508846, 46.905824",,
TB148,تبوك,بئر بن هرماس,28.865776,36.22865,"28.865776, 36.22865",,
RY149,الدلم,طريق الحاير,23.761945,46.955846,"23.761945, 46.955846",,
MK150,جدة,حداء-بحره,21.441663,39.540666,"21.441663, 39.540666",,
JA187,جازان,محطة درب الناصرية ( أبو عريش ),16.989283,42.817244,"16.989283, 42.817244",,
AS189,عسير,محطة الخزامى بيشه,20.0104946,42.618366,"20.0104946, 42.618366",محطة وقود بن حمد,
AS193,خميس مشيط,طريق المئة,18.2368927,42.6818576,"18.2368927, 42.6818576",كوفي المزرعه the farm - خميس مشيط,تنبيه: الرابط يشير إلى مكان غير محطة وقود — الإحداثيات لموقع الرابط كما هو
AB254,ابها,محطة الزهور,18.3199113,42.6133077,"18.3199113, 42.6133077",,
RY312,الرياض,محطة الغروب,24.5551148,46.4962545,"24.5551148, 46.4962545",,
MK333,جدة,محطة الرويس ( شارع حائل ),21.5131898,39.1730394,"21.5131898, 39.1730394",6770 حائل - حي الرويس جدة,
MK334,الطائف,صناعية الطائف,,,,,لا يوجد رابط موقع في الجدول
EP336,الدمام,طيبة الدمام,26.3582522,50.0670925,"26.3582522, 50.0670925",,
MK339,جدة,محطة الشاطئ,21.5831673,39.1254104,"21.5831673, 39.1254104",,
AS354,خميس مشيط,محطة الواحة,18.3336548,42.6868992,"18.3336548, 42.6868992",,
RY355,الرياض,محطة العريجاء,24.5779232,46.5786213,"24.5779232, 46.5786213",محطة صبح الخليج - الرياض,تنبيه: المكان معلَّم على خرائط Google كمغلق نهائياً؛ تنبيه: نفس الرابط مستخدم أيضاً للمحطة RY356 — تحقق من صحة الرابط
RY356,الرياض,محطة المونسية,24.5779232,46.5786213,"24.5779232, 46.5786213",محطة صبح الخليج - الرياض,تنبيه: المكان معلَّم على خرائط Google كمغلق نهائياً؛ تنبيه: نفس الرابط مستخدم أيضاً للمحطة RY355 — تحقق من صحة الرابط
JA357,جازان,محطة الريث,17.6407774,42.7544677,"17.6407774, 42.7544677",,
AS359,عسير,المصيف خميس مشيط,,,,,لا يوجد رابط موقع في الجدول
MK314,مكة,قوس النصر-الخالدية,21.402652,39.809365,"21.402652, 39.809365",,
EP329,حفر الباطن ,محطة الورود,28.300298,45.947207,"28.300298, 45.947207",,
JA157,جازان,ديبر,16.928832,43.118334,"16.928832, 43.118334",,
JA152,جازان,أبو سبيلة-العارضة,16.9148786,43.092372,"16.9148786, 43.092372",تموينات بندر خبراني,
JA209,جازان,ضمد-الظبية,17.0507214,42.7200959,"17.0507214, 42.7200959",محطة صديق الطريق - ضمد,
AS328,محايل عسير,خميس البحر,18.00677,41.900188,"18.00677, 41.900188",,
